Time ,Acceleration Feet/sec/sec,Altitude Feet,Range Feet
 0.000000, 0.000000, 0.000000, 0.000000
 0.071250,735.161000, 0.594000, 0.000000
 0.142500,746.241000, 4.213000, 0.000000
 0.213750,756.713000,11.459000,-0.000000
 0.285000,764.691000,22.382000,-0.003000
 0.356250,771.948000,37.025000,-0.013000
 0.427500,776.702000,55.423000,-0.040000
 0.498750,780.819000,77.601000,-0.090000
 0.570000,780.955000,103.579000,-0.165000
 0.641250,780.896000,133.362000,-0.263000
 0.712500,770.907000,166.941000,-0.378000
 0.783750,759.437000,204.268000,-0.513000
 0.855000,743.995000,245.284000,-0.670000
 0.926250,728.301000,289.913000,-0.847000
 0.997500,714.817000,338.076000,-1.043000
 1.068750,700.212000,389.703000,-1.260000
 1.140000,683.409000,444.720000,-1.496000
 1.211250,664.330000,503.041000,-1.752000
 1.282500,638.743000,564.566000,-2.026000
 1.353750,611.784000,629.169000,-2.319000
 1.425000,581.822000,696.710000,-2.629000
 1.496250,551.498000,767.039000,-2.957000
 1.567500,502.306000,839.987000,-3.300000
 1.638750,451.658000,915.316000,-3.659000
 1.710000,403.739000,992.773000,-4.031000
 1.781250,355.854000,1072.112000,-4.417000
 1.852500,308.197000,1153.091000,-4.813000
 1.923750,264.537000,1235.468000,-5.220000
 1.995000,226.454000,1319.024000,-5.636000
 2.066250,191.582000,1403.565000,-6.060000
 2.137500,160.178000,1488.914000,-6.492000
 2.208750,131.237000,1574.911000,-6.930000
 2.280000,104.407000,1661.411000,-7.373000
 2.351250,71.455000,1748.275000,-7.822000
 2.422500,29.317000,1835.334000,-8.274000
 2.493750, 9.112000,1922.376000,-8.729000
 2.565000,44.604000,2009.208000,-9.186000
 2.636250,76.822000,2095.649000,-9.643000
 2.707500,106.443000,2181.536000,-10.100000
 2.778750,141.021000,2266.716000,-10.555000
 2.850000,181.129000,2351.014000,-11.008000
 2.921250,206.335000,2434.230000,-11.456000
 2.992500,218.997000,2516.237000,-11.900000
 3.063750,221.975000,2596.970000,-12.338000
 3.135000,216.844000,2676.416000,-12.770000
 3.206250,210.561000,2754.598000,-13.197000
 3.277500,203.510000,2831.548000,-13.618000
 3.348750,195.299000,2907.303000,-14.034000
 3.420000,186.641000,2981.905000,-14.444000
 3.491250,183.209000,3055.394000,-14.850000
 3.562500,183.796000,3127.790000,-15.250000
 3.633750,177.919000,3199.093000,-15.645000
 3.705000,172.313000,3269.326000,-16.035000
 3.776250,166.950000,3338.522000,-16.420000
 3.847500,161.814000,3406.709000,-16.800000
 3.918750,156.892000,3473.911000,-17.176000
 3.990000,152.173000,3540.154000,-17.547000
 4.061250,147.645000,3605.463000,-17.913000
 4.132500,143.299000,3669.859000,-18.275000
 4.203750,139.124000,3733.365000,-18.634000
 4.275000,135.112000,3796.003000,-18.988000
 4.346250,131.255000,3857.792000,-19.338000
 4.417500,127.543000,3918.752000,-19.684000
 4.488750,123.971000,3978.902000,-20.027000
 4.560000,120.531000,4038.260000,-20.365000
 4.631250,117.217000,4096.844000,-20.701000
 4.702500,114.023000,4154.670000,-21.032000
 4.773750,110.942000,4211.755000,-21.361000
 4.845000,107.971000,4268.114000,-21.686000
 4.916250,105.102000,4323.762000,-22.008000
 4.987500,102.333000,4378.714000,-22.326000
 5.058750,99.657000,4432.984000,-22.642000
 5.130000,97.072000,4486.585000,-22.954000
 5.201250,94.573000,4539.531000,-23.264000
 5.272500,92.156000,4591.834000,-23.570000
 5.343750,89.818000,4643.507000,-23.874000
 5.415000,87.555000,4694.561000,-24.175000
 5.486250,85.364000,4745.008000,-24.473000
 5.557500,83.242000,4794.858000,-24.769000
 5.628750,81.186000,4844.124000,-25.062000
 5.700000,79.194000,4892.815000,-25.353000
 5.771250,77.263000,4940.941000,-25.641000
 5.842500,75.390000,4988.512000,-25.926000
 5.913750,73.574000,5035.538000,-26.209000
 5.985000,71.811000,5082.028000,-26.490000
 6.056250,70.100000,5127.990000,-26.769000
 6.127500,68.439000,5173.434000,-27.045000
 6.198750,66.826000,5218.368000,-27.319000
 6.270000,65.259000,5262.800000,-27.591000
 6.341250,63.736000,5306.737000,-27.861000
 6.412500,62.256000,5350.189000,-28.128000
 6.483750,60.817000,5393.162000,-28.394000
 6.555000,59.418000,5435.663000,-28.658000
 6.626250,58.057000,5477.700000,-28.919000
 6.697500,56.733000,5519.280000,-29.179000
 6.768750,55.444000,5560.409000,-29.437000
 6.840000,54.190000,5601.093000,-29.693000
 6.911250,52.968000,5641.340000,-29.947000
 6.982500,51.779000,5681.156000,-30.199000
 7.053750,50.621000,5720.545000,-30.450000
 7.125000,49.492000,5759.515000,-30.699000
 7.196250,48.392000,5798.071000,-30.946000
 7.267500,47.321000,5836.219000,-31.191000
 7.338750,46.276000,5873.964000,-31.435000
 7.410000,45.257000,5911.311000,-31.677000
 7.481250,44.263000,5948.265000,-31.918000
 7.552500,43.294000,5984.833000,-32.157000
 7.623750,42.349000,6021.017000,-32.394000
 7.695000,41.426000,6056.824000,-32.630000
 7.766250,40.526000,6092.258000,-32.865000
 7.837500,39.647000,6127.323000,-33.098000
 7.908750,38.789000,6162.025000,-33.329000
 7.980000,37.951000,6196.367000,-33.559000
 8.051250,37.132000,6230.353000,-33.788000
 8.122500,36.333000,6263.988000,-34.015000
 8.193750,35.552000,6297.276000,-34.241000
 8.265000,34.789000,6330.221000,-34.466000
 8.336250,34.044000,6362.826000,-34.689000
 8.407500,33.315000,6395.096000,-34.911000
 8.478750,32.603000,6427.034000,-35.132000
 8.550000,27.931000,6458.647000,-35.352000
 8.621250,27.395000,6489.952000,-35.570000
 8.692500,26.869000,6520.955000,-35.787000
 8.763750,26.353000,6551.659000,-36.004000
 8.835000,25.846000,6582.067000,-36.219000
 8.906250,25.349000,6612.180000,-36.433000
 8.977500,24.861000,6642.003000,-36.646000
 9.048750,24.382000,6671.536000,-36.858000
 9.120000,23.912000,6700.783000,-37.069000
 9.191250,23.451000,6729.745000,-37.279000
 9.262500,22.998000,6758.426000,-37.489000
 9.333750,22.553000,6786.827000,-37.697000
 9.405000,22.116000,6814.951000,-37.904000
 9.476250,21.687000,6842.800000,-38.110000
 9.547500,21.265000,6870.376000,-38.316000
 9.618750,20.852000,6897.682000,-38.520000
 9.690000,20.445000,6924.719000,-38.723000
 9.761250,20.046000,6951.489000,-38.926000
 9.832500,19.654000,6977.995000,-39.128000
 9.903750,19.268000,7004.238000,-39.329000
 9.975000,18.890000,7030.220000,-39.529000
10.046250,18.518000,7055.944000,-39.728000
10.117500,18.152000,7081.412000,-39.926000
10.188750,17.793000,7106.624000,-40.123000
10.260000,17.440000,7131.583000,-40.320000
10.331250,17.093000,7156.291000,-40.516000
10.402500,16.752000,7180.750000,-40.711000
10.473750,16.417000,7204.960000,-40.905000
10.545000,16.088000,7228.925000,-41.098000
10.616250,15.764000,7252.645000,-41.291000
10.687500,15.446000,7276.122000,-41.483000
10.758750,15.133000,7299.358000,-41.674000
10.830000,14.826000,7322.355000,-41.864000
10.901250,14.523000,7345.113000,-42.054000
10.972500,14.226000,7367.635000,-42.242000
11.043750,13.934000,7389.922000,-42.430000
11.115000,13.647000,7411.976000,-42.618000
11.186250,13.364000,7433.797000,-42.804000
11.257500,13.086000,7455.388000,-42.990000
11.328750,12.813000,7476.750000,-43.176000
11.400000,12.545000,7497.884000,-43.360000
11.471250,12.281000,7518.791000,-43.544000
11.542500,12.021000,7539.473000,-43.727000
11.613750,11.766000,7559.932000,-43.910000
11.685000,11.514000,7580.168000,-44.091000
11.756250,11.267000,7600.183000,-44.272000
11.827500,11.024000,7619.978000,-44.453000
11.898750,10.785000,7639.554000,-44.633000
11.970000,10.551000,7658.913000,-44.812000
12.041250,10.319000,7678.055000,-44.991000
12.112500,10.092000,7696.982000,-45.169000
12.183750, 9.869000,7715.695000,-45.346000
12.255000, 9.649000,7734.196000,-45.523000
12.326250, 9.433000,7752.484000,-45.699000
12.397500, 9.220000,7770.562000,-45.874000
12.468750, 9.011000,7788.431000,-46.049000
12.540000, 8.805000,7806.091000,-46.224000
12.611250, 8.603000,7823.543000,-46.397000
12.682500, 8.404000,7840.789000,-46.571000
12.753750, 8.208000,7857.830000,-46.743000
12.825000, 8.016000,7874.666000,-46.915000
12.896250, 7.827000,7891.298000,-47.087000
12.967500, 7.641000,7907.729000,-47.258000
13.038750, 7.458000,7923.957000,-47.428000
13.110000, 7.278000,7939.985000,-47.598000
13.181250, 7.101000,7955.814000,-47.767000
13.252500, 6.927000,7971.443000,-47.936000
13.323750, 6.756000,7986.875000,-48.104000
13.395000, 6.588000,8002.109000,-48.272000
13.466250, 6.422000,8017.148000,-48.439000
13.537500, 6.260000,8031.991000,-48.606000
13.608750, 6.100000,8046.639000,-48.772000
13.680000, 5.943000,8061.094000,-48.938000
13.751250, 5.788000,8075.355000,-49.103000
13.822500, 5.637000,8089.425000,-49.268000
13.893750, 5.487000,8103.303000,-49.432000
13.965000, 5.341000,8116.991000,-49.596000
14.036250, 5.197000,8130.489000,-49.760000
14.107500, 5.055000,8143.797000,-49.922000
14.178750, 4.916000,8156.918000,-50.085000
14.250000, 4.779000,8169.850000,-50.247000
14.321250, 4.645000,8182.595000,-50.408000
14.392500, 4.513000,8195.155000,-50.569000
14.463750, 4.384000,8207.528000,-50.730000
14.535000, 4.256000,8219.716000,-50.890000
14.606250, 4.131000,8231.720000,-51.050000
14.677500, 4.009000,8243.541000,-51.209000
14.748750, 3.888000,8255.178000,-51.368000
14.820000, 3.770000,8266.633000,-51.526000
14.891250, 3.654000,8277.906000,-51.684000
14.962500, 3.540000,8288.997000,-51.842000
15.033750, 3.428000,8299.908000,-51.999000
15.105000, 3.319000,8310.638000,-52.156000
15.176250, 3.211000,8321.189000,-52.312000
15.247500, 3.106000,8331.561000,-52.468000
15.318750, 3.002000,8341.755000,-52.624000
15.390000, 2.901000,8351.770000,-52.779000
15.461250, 2.801000,8361.608000,-52.934000
15.532500, 2.704000,8371.269000,-53.088000
15.603750, 2.609000,8380.754000,-53.242000
15.675000, 2.515000,8390.062000,-53.396000
15.746250, 2.424000,8399.195000,-53.549000
15.817500, 2.334000,8408.153000,-53.702000
15.888750, 2.246000,8416.936000,-53.855000
15.960000, 2.160000,8425.545000,-54.007000
16.031250, 2.077000,8433.981000,-54.159000
16.102500, 1.994000,8442.243000,-54.310000
16.173750, 1.914000,8450.332000,-54.461000
16.245000, 1.836000,8458.249000,-54.612000
16.316250, 1.759000,8465.993000,-54.763000
16.387500, 1.685000,8473.566000,-54.913000
16.458750, 1.612000,8480.968000,-55.063000
16.530000, 1.541000,8488.198000,-55.212000
16.601250, 1.472000,8495.259000,-55.361000
16.672500, 1.404000,8502.148000,-55.510000
16.743750, 1.338000,8508.868000,-55.659000
16.815000, 1.274000,8515.419000,-55.807000
16.886250, 1.212000,8521.800000,-55.955000
16.957500, 1.151000,8528.012000,-56.103000
17.028750, 1.092000,8534.056000,-56.250000
17.100000, 1.035000,8539.931000,-56.397000
17.171250, 0.980000,8545.639000,-56.544000
17.242500, 0.926000,8551.178000,-56.690000
17.313750, 0.874000,8556.550000,-56.836000
17.385000, 0.823000,8561.755000,-56.982000
17.456250, 0.774000,8566.793000,-57.128000
17.527500, 0.727000,8571.665000,-57.273000
17.598750, 0.681000,8576.369000,-57.418000
17.670000, 0.637000,8580.908000,-57.563000
17.741250, 0.595000,8585.281000,-57.707000
17.812500, 0.554000,8589.488000,-57.851000
17.883750, 0.514000,8593.529000,-57.995000
17.955000, 0.476000,8597.405000,-58.139000
18.026250, 0.440000,8601.116000,-58.282000
18.097500, 0.405000,8604.661000,-58.425000
18.168750, 0.372000,8608.042000,-58.568000
18.240000, 0.339000,8611.259000,-58.711000
18.311250, 0.307000,8614.310000,-58.853000
18.382500, 0.274000,8617.198000,-58.996000
18.453750, 0.243000,8619.921000,-59.138000
18.525000, 0.215000,8622.480000,-59.279000
18.596250, 0.188000,8624.876000,-59.421000
18.667500, 0.163000,8627.108000,-59.562000
18.738750, 0.140000,8629.176000,-59.703000
18.810000, 0.119000,8631.081000,-59.844000
18.881250, 0.100000,8632.822000,-59.985000
18.952500, 0.083000,8634.400000,-60.125000
19.023750, 0.068000,8635.815000,-60.265000
19.095000, 0.055000,8637.067000,-60.405000
19.166250, 0.044000,8638.155000,-60.545000
19.237500, 0.036000,8639.081000,-60.685000
19.308750, 0.029000,8639.844000,-60.824000
19.380000, 0.025000,8640.444000,-60.963000
19.451250, 0.021000,8640.881000,-61.102000
19.522500, 0.012000,8641.155000,-61.241000
19.593750, 0.007000,8641.266000,-61.380000
19.665000, 0.015000,8641.215000,-61.273000
19.736250, 0.079000,8641.001000,-61.106000
19.807500, 0.192000,8640.624000,-60.939000
19.878750, 0.353000,8640.086000,-60.772000
19.950000, 0.561000,8639.387000,-60.604000
20.021250, 0.816000,8638.528000,-60.436000
20.092500, 1.115000,8637.510000,-60.268000
20.163750, 1.457000,8636.335000,-60.099000
20.235000, 1.839000,8635.005000,-59.930000
20.306250, 2.261000,8633.522000,-59.760000
20.377500, 2.718000,8631.887000,-59.589000
20.448750, 3.210000,8630.104000,-59.419000
20.520000, 3.733000,8628.174000,-59.248000
20.591250, 4.284000,8626.100000,-59.076000
20.662500, 4.861000,8623.886000,-58.904000
20.733750, 5.461000,8621.533000,-58.732000
20.805000, 6.082000,8619.045000,-58.559000
20.876250, 6.720000,8616.426000,-58.386000
20.947500, 7.372000,8613.678000,-58.212000
21.018750, 8.037000,8610.804000,-58.038000
21.090000, 8.711000,8607.809000,-57.864000
21.161250, 9.391000,8604.695000,-57.689000
21.232500,10.076000,8601.467000,-57.513000
21.303750,10.764000,8598.126000,-57.338000
21.375000,11.451000,8594.678000,-57.161000
21.446250,12.136000,8591.125000,-56.985000
21.517500,12.817000,8587.471000,-56.808000
21.588750,13.492000,8583.719000,-56.630000
21.660000,14.160000,8579.873000,-56.452000
21.731250,14.819000,8575.937000,-56.274000
21.802500,15.467000,8571.912000,-56.095000
21.873750,16.105000,8567.804000,-55.916000
21.945000,16.730000,8563.614000,-55.736000
22.016250,17.342000,8559.347000,-55.556000
22.087500,17.939000,8555.005000,-55.376000
22.158750,18.522000,8550.592000,-55.195000
22.230000,19.090000,8546.110000,-55.014000
22.301250,19.642000,8541.562000,-54.832000
22.372500,20.178000,8536.951000,-54.650000
22.443750,20.698000,8532.279000,-54.467000
22.515000,21.201000,8527.550000,-54.284000
22.586250,21.688000,8522.766000,-54.101000
22.657500,22.158000,8517.929000,-53.917000
22.728750,22.611000,8513.042000,-53.733000
22.800000,23.049000,8508.108000,-53.548000
22.871250,23.470000,8503.127000,-53.363000
22.942500,23.875000,8498.103000,-53.177000
23.013750,24.265000,8493.037000,-52.991000
23.085000,24.639000,8487.932000,-52.805000
23.156250,24.998000,8482.789000,-52.618000
23.227500,25.342000,8477.610000,-52.431000
23.298750,25.672000,8472.397000,-52.243000
23.370000,25.988000,8467.151000,-52.055000
23.441250,26.290000,8461.875000,-51.867000
23.512500,26.580000,8456.570000,-51.678000
23.583750,26.856000,8451.237000,-51.489000
23.655000,27.120000,8445.877000,-51.299000
23.726250,27.372000,8440.492000,-51.109000
23.797500,27.613000,8435.084000,-50.918000
23.868750,27.842000,8429.652000,-50.727000
23.940000,28.061000,8424.200000,-50.536000
24.011250,28.269000,8418.727000,-50.344000
24.082500,28.468000,8413.235000,-50.152000
24.153750,28.657000,8407.725000,-49.959000
24.225000,28.837000,8402.197000,-49.766000
24.296250,29.008000,8396.653000,-49.573000
24.367500,29.171000,8391.094000,-49.379000
24.438750,29.326000,8385.519000,-49.184000
24.510000,29.474000,8379.931000,-48.990000
24.581250,29.614000,8374.330000,-48.794000
24.652500,29.747000,8368.717000,-48.599000
24.723750,29.873000,8363.091000,-48.403000
24.795000,29.993000,8357.455000,-48.207000
24.866250,30.107000,8351.808000,-48.010000
24.937500,30.216000,8346.151000,-47.813000
25.008750,30.318000,8340.485000,-47.615000
25.080000,30.416000,8334.810000,-47.417000
25.151250,30.508000,8329.126000,-47.219000
25.222500,30.596000,8323.435000,-47.020000
25.293750,30.679000,8317.736000,-46.820000
25.365000,30.758000,8312.030000,-46.621000
25.436250,30.833000,8306.318000,-46.421000
25.507500,30.904000,8300.599000,-46.220000
25.578750,30.971000,8294.875000,-46.019000
25.650000,31.035000,8289.145000,-45.818000
25.721250,31.095000,8283.409000,-45.616000
25.792500,31.153000,8277.669000,-45.414000
25.863750,31.207000,8271.924000,-45.212000
25.935000,31.258000,8266.175000,-45.009000
26.006250,31.307000,8260.422000,-44.805000
26.077500,31.353000,8254.665000,-44.602000
26.148750,31.397000,8248.904000,-44.398000
26.220000,31.438000,8243.140000,-44.193000
26.291250,31.477000,8237.373000,-43.988000
26.362500,31.514000,8231.603000,-43.783000
26.433750,31.549000,8225.830000,-43.577000
26.505000,31.582000,8220.054000,-43.371000
26.576250,31.614000,8214.276000,-43.164000
26.647500,31.644000,8208.495000,-42.957000
26.718750,31.672000,8202.713000,-42.750000
26.790000,31.699000,8196.929000,-42.542000
26.861250,31.724000,8191.142000,-42.334000
26.932500,31.748000,8185.354000,-42.125000
27.003750,31.770000,8179.565000,-41.916000
27.075000,31.792000,8173.773000,-41.707000
27.146250,31.812000,8167.981000,-41.497000
27.217500,31.831000,8162.187000,-41.287000
27.288750,31.849000,8156.392000,-41.077000
27.360000,31.867000,8150.596000,-40.866000
27.431250,31.883000,8144.799000,-40.654000
27.502500,31.898000,8139.001000,-40.443000
27.573750,31.913000,8133.202000,-40.230000
27.645000,31.926000,8127.403000,-40.018000
27.716250,31.939000,8121.602000,-39.805000
27.787500,31.952000,8115.801000,-39.592000
27.858750,31.963000,8110.000000,-39.378000
27.930000,31.974000,8104.198000,-39.164000
28.001250,31.985000,8098.395000,-38.949000
28.072500,31.995000,8092.593000,-38.734000
28.143750,32.004000,8086.789000,-38.519000
28.215000,32.013000,8080.986000,-38.303000
28.286250,32.021000,8075.182000,-38.087000
28.357500,32.029000,8069.378000,-37.871000
28.428750,32.037000,8063.574000,-37.654000
28.500000,32.044000,8057.770000,-37.437000
28.571250,32.050000,8051.965000,-37.219000
28.642500,32.057000,8046.161000,-37.001000
28.713750,32.063000,8040.356000,-36.783000
28.785000,32.068000,8034.552000,-36.564000
28.856250,32.074000,8028.747000,-36.345000
28.927500,32.079000,8022.943000,-36.125000
28.998750,32.083000,8017.138000,-35.905000
29.070000,32.088000,8011.334000,-35.685000
29.141250,32.092000,8005.530000,-35.464000
29.212500,32.096000,7999.726000,-35.243000
29.283750,32.100000,7993.922000,-35.021000
29.355000,32.104000,7988.118000,-34.799000
29.426250,32.107000,7982.315000,-34.577000
29.497500,32.110000,7976.512000,-34.355000
29.568750,32.113000,7970.709000,-34.132000
29.640000,32.116000,7964.906000,-33.908000
29.711250,32.119000,7959.103000,-33.684000
29.782500,32.122000,7953.301000,-33.460000
29.853750,32.124000,7947.499000,-33.236000
29.925000,32.126000,7941.697000,-33.011000
29.996250,32.128000,7935.896000,-32.785000
30.067500,32.131000,7930.095000,-32.560000
30.138750,32.132000,7924.294000,-32.334000
30.210000,32.134000,7918.494000,-32.107000
30.281250,32.136000,7912.694000,-31.880000
30.352500,32.138000,7906.894000,-31.653000
30.423750,32.139000,7901.095000,-31.426000
30.495000,32.141000,7895.296000,-31.198000
30.566250,32.142000,7889.498000,-30.969000
30.637500,32.143000,7883.700000,-30.741000
30.708750,32.145000,7877.902000,-30.512000
30.780000,32.146000,7872.105000,-30.282000
30.851250,32.147000,7866.308000,-30.053000
30.922500,32.148000,7860.511000,-29.822000
30.993750,32.149000,7854.715000,-29.592000
31.065000,32.150000,7848.920000,-29.361000
31.136250,32.151000,7843.125000,-29.130000
31.207500,32.152000,7837.330000,-28.898000
31.278750,32.153000,7831.536000,-28.666000
31.350000,32.153000,7825.742000,-28.434000
31.421250,32.154000,7819.948000,-28.201000
31.492500,32.155000,7814.155000,-27.968000
31.563750,32.155000,7808.363000,-27.735000
31.635000,32.156000,7802.571000,-27.501000
31.706250,32.156000,7796.779000,-27.267000
31.777500,32.157000,7790.988000,-27.032000
31.848750,32.157000,7785.198000,-26.797000
31.920000,32.158000,7779.407000,-26.562000
31.991250,32.158000,7773.618000,-26.326000
32.062500,32.159000,7767.829000,-26.090000
32.133750,32.159000,7762.040000,-25.854000
32.205000,32.160000,7756.252000,-25.617000
32.276250,32.160000,7750.464000,-25.380000
32.347500,32.160000,7744.676000,-25.143000
32.418750,32.161000,7738.890000,-24.905000
32.490000,32.161000,7733.103000,-24.667000
32.561250,32.161000,7727.317000,-24.428000
32.632500,32.161000,7721.532000,-24.190000
32.703750,32.162000,7715.747000,-23.950000
32.775000,32.162000,7709.963000,-23.711000
32.846250,32.162000,7704.179000,-23.471000
32.917500,32.162000,7698.395000,-23.231000
32.988750,32.163000,7692.613000,-22.990000
33.060000,32.163000,7686.830000,-22.749000
33.131250,32.163000,7681.048000,-22.508000
33.202500,32.163000,7675.267000,-22.266000
33.273750,32.163000,7669.486000,-22.024000
33.345000,32.163000,7663.705000,-21.782000
33.416250,32.164000,7657.925000,-21.539000
33.487500,32.164000,7652.146000,-21.296000
33.558750,32.164000,7646.367000,-21.053000
33.630000,32.164000,7640.589000,-20.809000
33.701250,32.164000,7634.811000,-20.565000
33.772500,32.164000,7629.033000,-20.321000
33.843750,32.164000,7623.256000,-20.076000
33.915000,32.164000,7617.480000,-19.831000
33.986250,32.165000,7611.704000,-19.586000
34.057500,32.165000,7605.929000,-19.340000
34.128750,32.165000,7600.154000,-19.094000
34.200000,32.165000,7594.379000,-18.848000
34.271250,32.165000,7588.605000,-18.601000
34.342500,32.165000,7582.832000,-18.354000
34.413750,32.165000,7577.059000,-18.106000
34.485000,32.165000,7571.287000,-17.859000
34.556250,32.165000,7565.515000,-17.611000
34.627500,32.165000,7559.743000,-17.362000
34.698750,32.165000,7553.972000,-17.113000
34.770000,32.165000,7548.202000,-16.864000
34.841250,32.165000,7542.432000,-16.615000
34.912500,32.165000,7536.663000,-16.365000
34.983750,32.165000,7530.894000,-16.115000
35.055000,32.165000,7525.126000,-15.865000
35.126250,32.165000,7519.358000,-15.614000
35.197500,32.165000,7513.590000,-15.363000
35.268750,32.165000,7507.823000,-15.112000
35.340000,32.166000,7502.057000,-14.860000
35.411250,32.166000,7496.291000,-14.608000
35.482500,32.166000,7490.526000,-14.355000
35.553750,32.166000,7484.761000,-14.103000
35.625000,32.166000,7478.997000,-13.850000
35.696250,32.166000,7473.233000,-13.597000
35.767500,32.166000,7467.470000,-13.343000
35.838750,32.166000,7461.707000,-13.089000
35.910000,32.166000,7455.945000,-12.835000
35.981250,32.166000,7450.183000,-12.580000
36.052500,32.166000,7444.421000,-12.325000
36.123750,32.166000,7438.661000,-12.070000
36.195000,32.166000,7432.900000,-11.814000
36.266250,32.166000,7427.141000,-11.559000
36.337500,32.166000,7421.381000,-11.303000
36.408750,32.166000,7415.623000,-11.046000
36.480000,32.166000,7409.864000,-10.789000
36.551250,32.166000,7404.107000,-10.532000
36.622500,32.166000,7398.349000,-10.275000
36.693750,32.166000,7392.593000,-10.017000
36.765000,32.166000,7386.836000,-9.759000
36.836250,32.166000,7381.081000,-9.501000
36.907500,32.166000,7375.326000,-9.242000
36.978750,32.166000,7369.571000,-8.983000
37.050000,32.166000,7363.817000,-8.724000
37.121250,32.166000,7358.063000,-8.464000
37.192500,32.166000,7352.310000,-8.205000
37.263750,32.166000,7346.557000,-7.944000
37.335000,32.166000,7340.805000,-7.684000
37.406250,32.166000,7335.053000,-7.423000
37.477500,32.166000,7329.302000,-7.162000
37.548750,32.166000,7323.551000,-6.901000
37.620000,32.166000,7317.801000,-6.639000
37.691250,32.166000,7312.051000,-6.377000
37.762500,32.166000,7306.302000,-6.115000
37.833750,32.166000,7300.554000,-5.853000
37.905000,32.166000,7294.805000,-5.590000
37.976250,32.166000,7289.058000,-5.327000
38.047500,32.166000,7283.311000,-5.063000
38.118750,32.166000,7277.564000,-4.800000
38.190000,32.166000,7271.818000,-4.536000
38.261250,32.166000,7266.072000,-4.271000
38.332500,32.166000,7260.327000,-4.007000
38.403750,32.166000,7254.583000,-3.742000
38.475000,32.166000,7248.838000,-3.477000
38.546250,32.166000,7243.095000,-3.211000
38.617500,32.166000,7237.352000,-2.946000
38.688750,32.166000,7231.609000,-2.680000
38.760000,32.166000,7225.867000,-2.413000
38.831250,32.166000,7220.125000,-2.147000
38.902500,32.166000,7214.384000,-1.880000
38.973750,32.166000,7208.644000,-1.613000
39.045000,32.166000,7202.904000,-1.346000
39.116250,32.166000,7197.164000,-1.078000
39.187500,32.166000,7191.425000,-0.810000
39.258750,32.166000,7185.686000,-0.542000
39.330000,32.166000,7179.948000,-0.273000
39.401250,32.166000,7174.211000,-0.004000
39.472500,32.166000,7168.474000, 0.265000
39.543750,32.166000,7162.737000, 0.534000
39.615000,32.166000,7157.001000, 0.804000
39.686250,32.166000,7151.265000, 1.073000
39.757500,32.166000,7145.530000, 1.344000
39.828750,32.166000,7139.796000, 1.614000
39.900000,32.166000,7134.062000, 1.885000
39.971250,32.166000,7128.328000, 2.155000
40.042500,32.166000,7122.595000, 2.427000
40.113750,32.166000,7116.863000, 2.698000
40.185000,32.166000,7111.130000, 2.970000
40.256250,32.166000,7105.399000, 3.242000
40.327500,32.166000,7099.668000, 3.514000
40.398750,32.166000,7093.937000, 3.787000
40.470000,32.166000,7088.207000, 4.059000
40.541250,32.166000,7082.478000, 4.332000
40.612500,32.166000,7076.749000, 4.606000
40.683750,32.166000,7071.020000, 4.879000
40.755000,32.166000,7065.292000, 5.153000
40.826250,32.166000,7059.564000, 5.427000
40.897500,32.166000,7053.837000, 5.701000
40.968750,32.166000,7048.111000, 5.976000
41.040000,32.166000,7042.385000, 6.251000
41.111250,32.166000,7036.659000, 6.526000
41.182500,32.166000,7030.934000, 6.801000
41.253750,32.166000,7025.210000, 7.077000
41.325000,32.166000,7019.486000, 7.352000
41.396250,32.166000,7013.762000, 7.628000
41.467500,32.166000,7008.039000, 7.905000
41.538750,32.166000,7002.316000, 8.181000
41.610000,32.166000,6996.594000, 8.458000
41.681250,32.166000,6990.873000, 8.735000
41.752500,32.166000,6985.152000, 9.012000
41.823750,32.166000,6979.431000, 9.290000
41.895000,32.166000,6973.711000, 9.568000
41.966250,32.166000,6967.992000, 9.846000
42.037500,32.166000,6962.273000,10.124000
42.108750,32.166000,6956.554000,10.402000
42.180000,32.166000,6950.836000,10.681000
42.251250,32.166000,6945.118000,10.960000
42.322500,32.166000,6939.401000,11.239000
42.393750,32.166000,6933.685000,11.518000
42.465000,32.166000,6927.969000,11.798000
42.536250,32.166000,6922.253000,12.078000
42.607500,32.166000,6916.538000,12.358000
42.678750,32.166000,6910.823000,12.638000
42.750000,32.166000,6905.109000,12.919000
42.821250,32.166000,6899.396000,13.199000
42.892500,32.166000,6893.683000,13.480000
42.963750,32.166000,6887.970000,13.762000
43.035000,32.166000,6882.258000,14.043000
43.106250,32.166000,6876.546000,14.325000
43.177500,32.166000,6870.835000,14.607000
43.248750,32.166000,6865.125000,14.889000
43.320000,32.166000,6859.414000,15.171000
43.391250,32.166000,6853.705000,15.454000
43.462500,32.166000,6847.996000,15.736000
43.533750,32.166000,6842.287000,16.019000
43.605000,32.166000,6836.579000,16.302000
43.676250,32.166000,6830.871000,16.586000
43.747500,32.166000,6825.164000,16.869000
43.818750,32.166000,6819.458000,17.153000
43.890000,32.166000,6813.751000,17.437000
43.961250,32.166000,6808.046000,17.722000
44.032500,32.166000,6802.341000,18.006000
44.103750,32.166000,6796.636000,18.291000
44.175000,32.166000,6790.932000,18.575000
44.246250,32.166000,6785.228000,18.861000
44.317500,32.166000,6779.525000,19.146000
44.388750,32.166000,6773.822000,19.431000
44.460000,32.166000,6768.120000,19.717000
44.531250,32.166000,6762.418000,20.003000
44.602500,32.166000,6756.717000,20.289000
44.673750,32.166000,6751.017000,20.575000
44.745000,32.166000,6745.316000,20.862000
44.816250,32.166000,6739.617000,21.148000
44.887500,32.166000,6733.917000,21.435000
44.958750,32.166000,6728.219000,21.722000
45.030000,32.166000,6722.521000,22.009000
45.101250,32.166000,6716.823000,22.297000
45.172500,32.166000,6711.126000,22.584000
45.243750,32.166000,6705.429000,22.872000
45.315000,32.166000,6699.733000,23.160000
45.386250,32.166000,6694.037000,23.448000
45.457500,32.166000,6688.342000,23.737000
45.528750,32.166000,6682.647000,24.025000
45.600000,32.166000,6676.953000,24.314000
45.671250,32.166000,6671.259000,24.603000
45.742500,32.166000,6665.565000,24.892000
45.813750,32.166000,6659.873000,25.181000
45.885000,32.166000,6654.180000,25.471000
45.956250,32.166000,6648.489000,25.760000
46.027500,32.166000,6642.797000,26.050000
46.098750,32.166000,6637.106000,26.340000
46.170000,32.166000,6631.416000,26.630000
46.241250,32.166000,6625.726000,26.921000
46.312500,32.166000,6620.037000,27.211000
46.383750,32.166000,6614.348000,27.502000
46.455000,32.166000,6608.660000,27.793000
46.526250,32.166000,6602.972000,28.084000
46.597500,32.166000,6597.284000,28.375000
46.668750,32.166000,6591.597000,28.666000
46.740000,32.166000,6585.911000,28.958000
46.811250,32.166000,6580.225000,29.250000
46.882500,32.166000,6574.540000,29.542000
46.953750,32.166000,6568.855000,29.834000
47.025000,32.166000,6563.170000,30.126000
47.096250,32.166000,6557.486000,30.418000
47.167500,32.165000,6551.803000,30.711000
47.238750,32.165000,6546.120000,31.003000
47.310000,32.165000,6540.438000,31.296000
47.381250,32.165000,6534.756000,31.589000
47.452500,32.165000,6529.074000,31.882000
47.523750,32.165000,6523.393000,32.175000
47.595000,32.165000,6517.713000,32.469000
47.666250,32.165000,6512.033000,32.762000
47.737500,32.165000,6506.353000,33.056000
47.808750,32.165000,6500.674000,33.350000
47.880000,32.165000,6494.995000,33.644000
47.951250,32.165000,6489.317000,33.938000
48.022500,32.165000,6483.640000,34.232000
48.093750,32.165000,6477.963000,34.527000
48.165000,32.165000,6472.286000,34.822000
48.236250,32.165000,6466.610000,35.116000
48.307500,32.165000,6460.934000,35.411000
48.378750,32.165000,6455.259000,35.706000
48.450000,32.165000,6449.585000,36.001000
48.521250,32.165000,6443.911000,36.297000
48.592500,32.165000,6438.237000,36.592000
48.663750,32.165000,6432.564000,36.888000
48.735000,32.165000,6426.891000,37.183000
48.806250,32.165000,6421.219000,37.479000
48.877500,32.165000,6415.547000,37.775000
48.948750,32.165000,6409.876000,38.071000
49.020000,32.165000,6404.205000,38.367000
49.091250,32.165000,6398.535000,38.664000
49.162500,32.165000,6392.865000,38.960000
49.233750,32.165000,6387.196000,39.257000
49.305000,32.165000,6381.527000,39.554000
49.376250,32.165000,6375.859000,39.850000
49.447500,32.165000,6370.191000,40.147000
49.518750,32.165000,6364.524000,40.445000
49.590000,32.165000,6358.857000,40.742000
49.661250,32.165000,6353.191000,41.039000
49.732500,32.165000,6347.525000,41.336000
49.803750,32.165000,6341.859000,41.634000
49.875000,32.165000,6336.195000,41.932000
49.946250,32.165000,6330.530000,42.230000
50.017500,32.165000,6324.866000,42.527000
50.088750,32.165000,6319.203000,42.825000
50.160000,32.165000,6313.540000,43.124000
50.231250,32.165000,6307.877000,43.422000
50.302500,32.165000,6302.216000,43.720000
50.373750,32.165000,6296.554000,44.019000
50.445000,32.165000,6290.893000,44.317000
50.516250,32.165000,6285.233000,44.616000
50.587500,32.165000,6279.573000,44.915000
50.658750,32.165000,6273.913000,45.213000
50.730000,32.165000,6268.254000,45.512000
50.801250,32.165000,6262.595000,45.811000
50.872500,32.165000,6256.937000,46.111000
50.943750,32.165000,6251.280000,46.410000
51.015000,32.165000,6245.623000,46.709000
51.086250,32.165000,6239.966000,47.009000
51.157500,32.165000,6234.310000,47.308000
51.228750,32.165000,6228.654000,47.608000
51.300000,32.165000,6222.999000,47.907000
51.371250,32.165000,6217.344000,48.207000
51.442500,32.165000,6211.690000,48.507000
51.513750,32.165000,6206.037000,48.807000
51.585000,32.165000,6200.383000,49.107000
51.656250,32.165000,6194.731000,49.407000
51.727500,32.165000,6189.078000,49.708000
51.798750,32.165000,6183.427000,50.008000
51.870000,32.165000,6177.775000,50.308000
51.941250,32.165000,6172.125000,50.609000
52.012500,32.165000,6166.474000,50.909000
52.083750,32.165000,6160.824000,51.210000
52.155000,32.165000,6155.175000,51.511000
52.226250,32.165000,6149.526000,51.812000
52.297500,32.165000,6143.878000,52.112000
52.368750,32.165000,6138.230000,52.413000
52.440000,32.165000,6132.582000,52.714000
52.511250,32.165000,6126.936000,53.015000
52.582500,32.165000,6121.289000,53.317000
52.653750,32.165000,6115.643000,53.618000
52.725000,32.165000,6109.998000,53.919000
52.796250,32.165000,6104.353000,54.220000
52.867500,32.165000,6098.708000,54.522000
52.938750,32.165000,6093.064000,54.823000
53.010000,32.165000,6087.421000,55.125000
53.081250,32.165000,6081.777000,55.426000
53.152500,32.165000,6076.135000,55.728000
53.223750,32.165000,6070.493000,56.030000
53.295000,32.165000,6064.851000,56.331000
53.366250,32.165000,6059.210000,56.633000
53.437500,32.165000,6053.569000,56.935000
53.508750,32.165000,6047.929000,57.237000
53.580000,32.165000,6042.289000,57.539000
53.651250,32.165000,6036.650000,57.841000
53.722500,32.165000,6031.012000,58.143000
53.793750,32.165000,6025.373000,58.445000
53.865000,32.165000,6019.736000,58.747000
53.936250,32.165000,6014.098000,59.050000
54.007500,32.165000,6008.461000,59.352000
54.078750,32.165000,6002.825000,59.654000
54.150000,32.165000,5997.189000,59.957000
54.221250,32.165000,5991.554000,60.259000
54.292500,32.165000,5985.919000,60.561000
54.363750,32.165000,5980.285000,60.864000
54.435000,32.165000,5974.651000,61.166000
54.506250,32.165000,5969.017000,61.469000
54.577500,32.165000,5963.384000,61.772000
54.648750,32.165000,5957.752000,62.074000
54.720000,32.165000,5952.120000,62.377000
54.791250,32.165000,5946.488000,62.679000
54.862500,32.165000,5940.857000,62.982000
54.933750,32.165000,5935.227000,63.285000
55.005000,32.165000,5929.597000,63.588000
55.076250,32.165000,5923.967000,63.890000
55.147500,32.165000,5918.338000,64.193000
55.218750,32.165000,5912.709000,64.496000
55.290000,32.165000,5907.081000,64.799000
55.361250,32.165000,5901.453000,65.102000
55.432500,32.165000,5895.826000,65.405000
55.503750,32.165000,5890.199000,65.708000
55.575000,32.165000,5884.573000,66.011000
55.646250,32.165000,5878.947000,66.314000
55.717500,32.165000,5873.322000,66.616000
55.788750,32.165000,5867.697000,66.919000
55.860000,32.165000,5862.073000,67.222000
55.931250,32.165000,5856.449000,67.525000
56.002500,32.165000,5850.826000,67.828000
56.073750,32.165000,5845.203000,68.132000
56.145000,32.165000,5839.580000,68.435000
56.216250,32.165000,5833.958000,68.738000
56.287500,32.165000,5828.337000,69.041000
56.358750,32.165000,5822.716000,69.344000
56.430000,32.165000,5817.095000,69.647000
56.501250,32.165000,5811.475000,69.950000
56.572500,32.165000,5805.856000,70.253000
56.643750,32.165000,5800.237000,70.556000
56.715000,32.165000,5794.618000,70.859000
56.786250,32.165000,5789.000000,71.162000
56.857500,32.165000,5783.382000,71.465000
56.928750,32.165000,5777.765000,71.768000
57.000000,32.165000,5772.149000,72.071000
57.071250,32.165000,5766.532000,72.374000
57.142500,32.165000,5760.917000,72.677000
57.213750,32.165000,5755.301000,72.980000
57.285000,32.165000,5749.687000,73.283000
57.356250,32.165000,5744.072000,73.586000
57.427500,32.165000,5738.458000,73.889000
57.498750,32.165000,5732.845000,74.192000
57.570000,32.165000,5727.232000,74.495000
57.641250,32.165000,5721.620000,74.798000
57.712500,32.165000,5716.008000,75.101000
57.783750,32.165000,5710.396000,75.404000
57.855000,32.165000,5704.785000,75.706000
57.926250,32.165000,5699.175000,76.009000
57.997500,32.165000,5693.565000,76.312000
58.068750,32.165000,5687.955000,76.615000
58.140000,32.165000,5682.346000,76.917000
58.211250,32.165000,5676.738000,77.220000
58.282500,32.165000,5671.129000,77.523000
58.353750,32.165000,5665.522000,77.826000
58.425000,32.165000,5659.915000,78.128000
58.496250,32.165000,5654.308000,78.431000
58.567500,32.165000,5648.702000,78.733000
58.638750,32.165000,5643.096000,79.036000
58.710000,32.165000,5637.491000,79.338000
58.781250,32.165000,5631.886000,79.641000
58.852500,32.165000,5626.282000,79.943000
58.923750,32.165000,5620.678000,80.246000
58.995000,32.165000,5615.074000,80.548000
59.066250,32.165000,5609.471000,80.850000
59.137500,32.165000,5603.869000,81.152000
59.208750,32.165000,5598.267000,81.455000
59.280000,32.165000,5592.665000,81.757000
59.351250,32.165000,5587.064000,82.059000
59.422500,32.165000,5581.464000,82.361000
59.493750,32.165000,5575.864000,82.663000
59.565000,32.165000,5570.264000,82.965000
59.636250,32.165000,5564.665000,83.267000
59.707500,32.165000,5559.067000,83.569000
59.778750,32.165000,5553.468000,83.870000
59.850000,32.165000,5547.871000,84.172000
59.921250,32.165000,5542.273000,84.474000
59.992500,32.165000,5536.677000,84.775000
60.063750,32.165000,5531.080000,85.077000
60.135000,32.165000,5525.485000,85.378000
60.206250,32.165000,5519.889000,85.680000
60.277500,32.165000,5514.294000,85.981000
60.348750,32.165000,5508.700000,86.283000
60.420000,32.165000,5503.106000,86.584000
60.491250,32.165000,5497.513000,86.885000
60.562500,32.165000,5491.920000,87.186000
60.633750,32.165000,5486.327000,87.487000
60.705000,32.165000,5480.735000,87.788000
60.776250,32.165000,5475.143000,88.089000
60.847500,32.165000,5469.552000,88.390000
60.918750,32.165000,5463.962000,88.691000
60.990000,32.165000,5458.372000,88.991000
61.061250,32.165000,5452.782000,89.292000
61.132500,32.165000,5447.193000,89.592000
61.203750,32.165000,5441.604000,89.893000
61.275000,32.165000,5436.016000,90.193000
61.346250,32.165000,5430.428000,90.493000
61.417500,32.165000,5424.841000,90.794000
61.488750,32.165000,5419.254000,91.094000
61.560000,32.165000,5413.667000,91.394000
61.631250,32.165000,5408.081000,91.694000
61.702500,32.165000,5402.496000,91.994000
61.773750,32.165000,5396.911000,92.293000
61.845000,32.165000,5391.327000,92.593000
61.916250,32.165000,5385.742000,92.893000
61.987500,32.165000,5380.159000,93.192000
62.058750,32.165000,5374.576000,93.491000
62.130000,32.165000,5368.993000,93.791000
62.201250,32.165000,5363.411000,94.090000
62.272500,32.165000,5357.829000,94.389000
62.343750,32.165000,5352.248000,94.688000
62.415000,32.165000,5346.667000,94.987000
62.486250,32.165000,5341.087000,95.286000
62.557500,32.165000,5335.507000,95.584000
62.628750,32.165000,5329.928000,95.883000
62.700000,32.165000,5324.349000,96.182000
62.771250,32.165000,5318.771000,96.480000
62.842500,32.165000,5313.193000,96.778000
62.913750,32.165000,5307.615000,97.076000
62.985000,32.165000,5302.038000,97.374000
63.056250,32.165000,5296.462000,97.672000
63.127500,32.165000,5290.886000,97.970000
63.198750,32.165000,5285.310000,98.268000
63.270000,32.165000,5279.735000,98.566000
63.341250,32.165000,5274.160000,98.863000
63.412500,32.165000,5268.586000,99.160000
63.483750,32.165000,5263.012000,99.458000
63.555000,32.165000,5257.439000,99.755000
63.626250,32.165000,5251.866000,100.052000
63.697500,32.165000,5246.294000,100.349000
63.768750,32.165000,5240.722000,100.646000
63.840000,32.165000,5235.151000,100.942000
63.911250,32.165000,5229.580000,101.239000
63.982500,32.165000,5224.010000,101.535000
64.053750,32.165000,5218.440000,101.831000
64.125000,32.165000,5212.870000,102.128000
64.196250,32.165000,5207.301000,102.424000
64.267500,32.165000,5201.732000,102.719000
64.338750,32.165000,5196.164000,103.015000
64.410000,32.165000,5190.597000,103.311000
64.481250,32.165000,5185.030000,103.606000
64.552500,32.165000,5179.463000,103.902000
64.623750,32.165000,5173.897000,104.197000
64.695000,32.165000,5168.331000,104.492000
64.766250,32.165000,5162.765000,104.787000
64.837500,32.165000,5157.201000,105.082000
64.908750,32.165000,5151.636000,105.376000
64.980000,32.165000,5146.072000,105.671000
65.051250,32.165000,5140.509000,105.965000
65.122500,32.165000,5134.946000,106.260000
65.193750,32.165000,5129.383000,106.554000
65.265000,32.165000,5123.821000,106.848000
65.336250,32.165000,5118.260000,107.141000
65.407500,32.165000,5112.699000,107.435000
65.478750,32.165000,5107.138000,107.729000
65.550000,32.165000,5101.578000,108.022000
65.621250,32.165000,5096.018000,108.315000
65.692500,32.165000,5090.459000,108.608000
65.763750,32.165000,5084.900000,108.901000
65.835000,32.165000,5079.342000,109.194000
65.906250,32.165000,5073.784000,109.486000
65.977500,32.165000,5068.226000,109.779000
66.048750,32.165000,5062.669000,110.071000
66.120000,32.165000,5057.113000,110.363000
66.191250,32.165000,5051.557000,110.655000
66.262500,32.165000,5046.001000,110.947000
66.333750,32.165000,5040.446000,111.238000
66.405000,32.165000,5034.892000,111.530000
66.476250,32.165000,5029.338000,111.821000
66.547500,32.165000,5023.784000,112.112000
66.618750,32.165000,5018.231000,112.403000
66.690000,32.165000,5012.678000,112.694000
66.761250,32.165000,5007.126000,112.984000
66.832500,32.165000,5001.574000,113.275000
66.903750,32.165000,4996.022000,113.565000
66.975000,32.165000,4990.472000,113.855000
67.046250,32.165000,4984.921000,114.145000
67.117500,32.165000,4979.371000,114.435000
67.188750,32.165000,4973.822000,114.724000
67.260000,32.165000,4968.273000,115.014000
67.331250,32.165000,4962.724000,115.303000
67.402500,32.165000,4957.176000,115.592000
67.473750,32.165000,4951.628000,115.881000
67.545000,32.165000,4946.081000,116.169000
67.616250,32.165000,4940.534000,116.458000
67.687500,32.165000,4934.988000,116.746000
67.758750,32.165000,4929.442000,117.034000
67.830000,32.165000,4923.897000,117.322000
67.901250,32.165000,4918.352000,117.610000
67.972500,32.165000,4912.807000,117.897000
68.043750,32.165000,4907.263000,118.185000
68.115000,32.165000,4901.720000,118.472000
68.186250,32.165000,4896.177000,118.759000
68.257500,32.165000,4890.634000,119.045000
68.328750,32.165000,4885.092000,119.332000
68.400000,32.165000,4879.550000,119.618000
68.471250,32.165000,4874.009000,119.904000
68.542500,32.165000,4868.469000,120.190000
68.613750,32.165000,4862.928000,120.476000
68.685000,32.165000,4857.388000,120.762000
68.756250,32.165000,4851.849000,121.047000
68.827500,32.165000,4846.310000,121.332000
68.898750,32.165000,4840.772000,121.617000
68.970000,32.165000,4835.234000,121.902000
69.041250,32.165000,4829.696000,122.186000
69.112500,32.165000,4824.159000,122.471000
69.183750,32.165000,4818.623000,122.755000
69.255000,32.165000,4813.086000,123.039000
69.326250,32.165000,4807.551000,123.323000
69.397500,32.165000,4802.016000,123.606000
69.468750,32.165000,4796.481000,123.889000
69.540000,32.165000,4790.947000,124.172000
69.611250,32.165000,4785.413000,124.455000
69.682500,32.165000,4779.879000,124.738000
69.753750,32.165000,4774.346000,125.020000
69.825000,32.165000,4768.814000,125.302000
69.896250,32.165000,4763.282000,125.584000
69.967500,32.165000,4757.750000,125.866000
70.038750,32.165000,4752.219000,126.148000
70.110000,32.165000,4746.689000,126.429000
70.181250,32.165000,4741.159000,126.710000
70.252500,32.165000,4735.629000,126.991000
70.323750,32.165000,4730.100000,127.272000
70.395000,32.165000,4724.571000,127.552000
70.466250,32.165000,4719.042000,127.832000
70.537500,32.165000,4713.515000,128.112000
70.608750,32.165000,4707.987000,128.392000
70.680000,32.165000,4702.460000,128.671000
70.751250,32.165000,4696.934000,128.951000
70.822500,32.165000,4691.408000,129.230000
70.893750,32.165000,4685.882000,129.508000
70.965000,32.165000,4680.357000,129.787000
71.036250,32.165000,4674.832000,130.065000
71.107500,32.165000,4669.308000,130.343000
71.178750,32.165000,4663.784000,130.621000
71.250000,32.165000,4658.261000,130.899000
71.321250,32.165000,4652.738000,131.176000
71.392500,32.165000,4647.216000,131.453000
71.463750,32.165000,4641.694000,131.730000
71.535000,32.165000,4636.173000,132.007000
71.606250,32.165000,4630.652000,132.283000
71.677500,32.165000,4625.131000,132.560000
71.748750,32.165000,4619.611000,132.835000
71.820000,32.165000,4614.091000,133.111000
71.891250,32.165000,4608.572000,133.387000
71.962500,32.165000,4603.053000,133.662000
72.033750,32.165000,4597.535000,133.937000
72.105000,32.165000,4592.017000,134.211000
72.176250,32.165000,4586.500000,134.486000
72.247500,32.165000,4580.983000,134.760000
72.318750,32.165000,4575.467000,135.034000
72.390000,32.165000,4569.951000,135.307000
72.461250,32.165000,4564.435000,135.581000
72.532500,32.165000,4558.920000,135.854000
72.603750,32.165000,4553.405000,136.127000
72.675000,32.165000,4547.891000,136.399000
72.746250,32.165000,4542.378000,136.672000
72.817500,32.165000,4536.864000,136.944000
72.888750,32.165000,4531.352000,137.216000
72.960000,32.165000,4525.839000,137.487000
73.031250,32.165000,4520.327000,137.759000
73.102500,32.165000,4514.816000,138.030000
73.173750,32.165000,4509.305000,138.300000
73.245000,32.165000,4503.794000,138.571000
73.316250,32.165000,4498.284000,138.841000
73.387500,32.165000,4492.775000,139.111000
73.458750,32.165000,4487.266000,139.381000
73.530000,32.165000,4481.757000,139.650000
73.601250,32.165000,4476.249000,139.919000
73.672500,32.165000,4470.741000,140.188000
73.743750,32.165000,4465.234000,140.457000
73.815000,32.165000,4459.727000,140.725000
73.886250,32.165000,4454.220000,140.993000
73.957500,32.165000,4448.714000,141.261000
74.028750,32.165000,4443.209000,141.529000
74.100000,32.165000,4437.704000,141.796000
74.171250,32.165000,4432.199000,142.063000
74.242500,32.165000,4426.695000,142.330000
74.313750,32.165000,4421.191000,142.596000
74.385000,32.165000,4415.688000,142.862000
74.456250,32.165000,4410.185000,143.128000
74.527500,32.165000,4404.683000,143.393000
74.598750,32.165000,4399.181000,143.659000
74.670000,32.165000,4393.680000,143.924000
74.741250,32.165000,4388.179000,144.188000
74.812500,32.165000,4382.678000,144.453000
74.883750,32.165000,4377.178000,144.717000
74.955000,32.165000,4371.678000,144.981000
75.026250,32.165000,4366.179000,145.244000
75.097500,32.165000,4360.680000,145.507000
75.168750,32.165000,4355.182000,145.770000
75.240000,32.165000,4349.684000,146.033000
75.311250,32.165000,4344.187000,146.295000
75.382500,32.165000,4338.690000,146.557000
75.453750,32.165000,4333.194000,146.819000
75.525000,32.165000,4327.698000,147.081000
75.596250,32.165000,4322.202000,147.342000
75.667500,32.165000,4316.707000,147.603000
75.738750,32.165000,4311.212000,147.863000
75.810000,32.165000,4305.718000,148.124000
75.881250,32.165000,4300.224000,148.384000
75.952500,32.165000,4294.731000,148.643000
76.023750,32.165000,4289.238000,148.903000
76.095000,32.165000,4283.746000,149.162000
76.166250,32.165000,4278.254000,149.420000
76.237500,32.165000,4272.762000,149.679000
76.308750,32.165000,4267.271000,149.937000
76.380000,32.165000,4261.781000,150.195000
76.451250,32.165000,4256.291000,150.452000
76.522500,32.165000,4250.801000,150.710000
76.593750,32.165000,4245.312000,150.967000
76.665000,32.165000,4239.823000,151.223000
76.736250,32.165000,4234.335000,151.480000
76.807500,32.165000,4228.847000,151.735000
76.878750,32.165000,4223.359000,151.991000
76.950000,32.165000,4217.872000,152.247000
77.021250,32.165000,4212.386000,152.502000
77.092500,32.165000,4206.900000,152.756000
77.163750,32.165000,4201.414000,153.011000
77.235000,32.165000,4195.929000,153.265000
77.306250,32.165000,4190.444000,153.519000
77.377500,32.165000,4184.960000,153.772000
77.448750,32.165000,4179.476000,154.025000
77.520000,32.165000,4173.993000,154.278000
77.591250,32.165000,4168.510000,154.530000
77.662500,32.165000,4163.027000,154.783000
77.733750,32.165000,4157.545000,155.034000
77.805000,32.165000,4152.064000,155.286000
77.876250,32.165000,4146.582000,155.537000
77.947500,32.165000,4141.102000,155.788000
78.018750,32.165000,4135.621000,156.039000
78.090000,32.165000,4130.142000,156.289000
78.161250,32.165000,4124.662000,156.539000
78.232500,32.165000,4119.183000,156.788000
78.303750,32.165000,4113.705000,157.037000
78.375000,32.165000,4108.227000,157.286000
78.446250,32.165000,4102.749000,157.535000
78.517500,32.165000,4097.272000,157.783000
78.588750,32.165000,4091.796000,158.031000
78.660000,32.165000,4086.319000,158.279000
78.731250,32.165000,4080.844000,158.526000
78.802500,32.165000,4075.368000,158.773000
78.873750,32.165000,4069.894000,159.019000
78.945000,32.165000,4064.419000,159.266000
79.016250,32.162000,4058.945000,159.511000
79.087500,32.158000,4053.472000,159.757000
79.158750,32.154000,4047.998000,160.002000
79.230000,32.150000,4042.526000,160.247000
79.301250,32.146000,4037.053000,160.492000
79.372500,32.143000,4031.581000,160.736000
79.443750,32.140000,4026.110000,160.980000
79.515000,32.137000,4020.638000,161.223000
79.586250,32.134000,4015.167000,161.466000
79.657500,32.131000,4009.697000,161.709000
79.728750,32.129000,4004.226000,161.952000
79.800000,32.127000,3998.756000,162.194000
79.871250,32.124000,3993.286000,162.436000
79.942500,32.122000,3987.816000,162.677000
80.013750,32.120000,3982.347000,162.918000
80.085000,32.119000,3976.878000,163.159000
80.156250,32.117000,3971.409000,163.399000
80.227500,32.115000,3965.940000,163.639000
80.298750,32.114000,3960.471000,163.879000
80.370000,32.112000,3955.003000,164.118000
80.441250,32.111000,3949.534000,164.357000
80.512500,32.110000,3944.066000,164.596000
80.583750,32.108000,3938.598000,164.834000
80.655000,32.108000,3933.130000,165.072000
80.726250,32.106000,3927.663000,165.310000
80.797500,32.105000,3922.195000,165.547000
80.868750,32.104000,3916.728000,165.784000
80.940000,32.104000,3911.261000,166.020000
81.011250,32.103000,3905.794000,166.256000
81.082500,32.102000,3900.327000,166.492000
81.153750,32.101000,3894.860000,166.727000
81.225000,32.101000,3889.393000,166.963000
81.296250,32.100000,3883.927000,167.197000
81.367500,32.100000,3878.460000,167.432000
81.438750,32.099000,3872.994000,167.666000
81.510000,32.099000,3867.528000,167.899000
81.581250,32.098000,3862.062000,168.132000
81.652500,32.098000,3856.596000,168.365000
81.723750,32.097000,3851.130000,168.598000
81.795000,32.097000,3845.664000,168.830000
81.866250,32.097000,3840.198000,169.062000
81.937500,32.096000,3834.733000,169.293000
82.008750,32.096000,3829.267000,169.524000
82.080000,32.096000,3823.802000,169.755000
82.151250,32.095000,3818.337000,169.985000
82.222500,32.095000,3812.871000,170.215000
82.293750,32.095000,3807.406000,170.445000
82.365000,32.095000,3801.941000,170.674000
82.436250,32.095000,3796.476000,170.903000
82.507500,32.095000,3791.012000,171.131000
82.578750,32.095000,3785.547000,171.359000
82.650000,32.094000,3780.082000,171.587000
82.721250,32.094000,3774.618000,171.815000
82.792500,32.094000,3769.153000,172.041000
82.863750,32.094000,3763.689000,172.268000
82.935000,32.094000,3758.224000,172.494000
83.006250,32.094000,3752.760000,172.720000
83.077500,32.094000,3747.296000,172.946000
83.148750,32.094000,3741.832000,173.171000
83.220000,32.094000,3736.368000,173.395000
83.291250,32.094000,3730.904000,173.620000
83.362500,32.094000,3725.440000,173.844000
83.433750,32.094000,3719.976000,174.067000
83.505000,32.094000,3714.513000,174.291000
83.576250,32.094000,3709.049000,174.513000
83.647500,32.094000,3703.585000,174.736000
83.718750,32.094000,3698.122000,174.958000
83.790000,32.094000,3692.659000,175.180000
83.861250,32.094000,3687.195000,175.401000
83.932500,32.094000,3681.732000,175.622000
84.003750,32.094000,3676.269000,175.842000
84.075000,32.094000,3670.806000,176.062000
84.146250,32.094000,3665.343000,176.282000
84.217500,32.094000,3659.880000,176.501000
84.288750,32.094000,3654.418000,176.720000
84.360000,32.094000,3648.955000,176.939000
84.431250,32.094000,3643.492000,177.157000
84.502500,32.094000,3638.030000,177.375000
84.573750,32.094000,3632.567000,177.593000
84.645000,32.094000,3627.105000,177.810000
84.716250,32.094000,3621.643000,178.026000
84.787500,32.095000,3616.181000,178.242000
84.858750,32.095000,3610.718000,178.458000
84.930000,32.095000,3605.256000,178.674000
85.001250,32.095000,3599.794000,178.889000
85.072500,32.095000,3594.333000,179.104000
85.143750,32.095000,3588.871000,179.318000
85.215000,32.095000,3583.409000,179.532000
85.286250,32.095000,3577.948000,179.745000
85.357500,32.095000,3572.486000,179.958000
85.428750,32.095000,3567.025000,180.171000
85.500000,32.095000,3561.563000,180.383000
85.571250,32.095000,3556.102000,180.595000
85.642500,32.095000,3550.641000,180.807000
85.713750,32.096000,3545.180000,181.018000
85.785000,32.096000,3539.719000,181.229000
85.856250,32.096000,3534.258000,181.439000
85.927500,32.096000,3528.797000,181.649000
85.998750,32.096000,3523.336000,181.859000
86.070000,32.096000,3517.876000,182.068000
86.141250,32.096000,3512.415000,182.277000
86.212500,32.096000,3506.955000,182.485000
86.283750,32.096000,3501.494000,182.693000
86.355000,32.097000,3496.034000,182.900000
86.426250,32.097000,3490.574000,183.108000
86.497500,32.097000,3485.114000,183.314000
86.568750,32.097000,3479.654000,183.521000
86.640000,32.097000,3474.194000,183.727000
86.711250,32.097000,3468.734000,183.932000
86.782500,32.097000,3463.275000,184.137000
86.853750,32.097000,3457.815000,184.342000
86.925000,32.097000,3452.355000,184.546000
86.996250,32.097000,3446.896000,184.750000
87.067500,32.097000,3441.437000,184.954000
87.138750,32.098000,3435.977000,185.157000
87.210000,32.098000,3430.518000,185.360000
87.281250,32.098000,3425.059000,185.562000
87.352500,32.098000,3419.600000,185.764000
87.423750,32.098000,3414.142000,185.965000
87.495000,32.098000,3408.683000,186.166000
87.566250,32.098000,3403.224000,186.367000
87.637500,32.098000,3397.766000,186.567000
87.708750,32.098000,3392.307000,186.767000
87.780000,32.098000,3386.849000,186.967000
87.851250,32.099000,3381.391000,187.166000
87.922500,32.099000,3375.932000,187.364000
87.993750,32.099000,3370.474000,187.562000
88.065000,32.099000,3365.017000,187.760000
88.136250,32.099000,3359.559000,187.958000
88.207500,32.099000,3354.101000,188.155000
88.278750,32.099000,3348.643000,188.351000
88.350000,32.099000,3343.186000,188.547000
88.421250,32.099000,3337.728000,188.743000
88.492500,32.100000,3332.271000,188.938000
88.563750,32.100000,3326.814000,189.133000
88.635000,32.100000,3321.357000,189.328000
88.706250,32.100000,3315.900000,189.522000
88.777500,32.100000,3310.443000,189.715000
88.848750,32.100000,3304.986000,189.909000
88.920000,32.100000,3299.530000,190.102000
88.991250,32.100000,3294.073000,190.294000
89.062500,32.100000,3288.617000,190.486000
89.133750,32.101000,3283.160000,190.678000
89.205000,32.101000,3277.704000,190.869000
89.276250,32.101000,3272.248000,191.059000
89.347500,32.101000,3266.792000,191.250000
89.418750,32.101000,3261.336000,191.440000
89.490000,32.101000,3255.880000,191.629000
89.561250,32.101000,3250.424000,191.818000
89.632500,32.101000,3244.969000,192.007000
89.703750,32.102000,3239.514000,192.195000
89.775000,32.102000,3234.058000,192.383000
89.846250,32.102000,3228.603000,192.570000
89.917500,32.102000,3223.148000,192.757000
89.988750,32.102000,3217.693000,192.944000
90.060000,32.102000,3212.238000,193.130000
90.131250,32.102000,3206.783000,193.316000
90.202500,32.102000,3201.329000,193.501000
90.273750,32.102000,3195.874000,193.686000
90.345000,32.103000,3190.420000,193.871000
90.416250,32.103000,3184.965000,194.055000
90.487500,32.103000,3179.511000,194.238000
90.558750,32.103000,3174.057000,194.421000
90.630000,32.103000,3168.603000,194.604000
90.701250,32.103000,3163.150000,194.786000
90.772500,32.103000,3157.696000,194.968000
90.843750,32.103000,3152.242000,195.150000
90.915000,32.104000,3146.789000,195.331000
90.986250,32.104000,3141.336000,195.512000
91.057500,32.104000,3135.882000,195.692000
91.128750,32.104000,3130.429000,195.872000
91.200000,32.104000,3124.976000,196.051000
91.271250,32.104000,3119.524000,196.230000
91.342500,32.104000,3114.071000,196.409000
91.413750,32.104000,3108.618000,196.587000
91.485000,32.105000,3103.166000,196.764000
91.556250,32.105000,3097.714000,196.942000
91.627500,32.105000,3092.262000,197.118000
91.698750,32.105000,3086.810000,197.295000
91.770000,32.105000,3081.358000,197.471000
91.841250,32.105000,3075.906000,197.646000
91.912500,32.105000,3070.454000,197.822000
91.983750,32.105000,3065.003000,197.996000
92.055000,32.106000,3059.551000,198.171000
92.126250,32.106000,3054.100000,198.344000
92.197500,32.106000,3048.649000,198.518000
92.268750,32.106000,3043.198000,198.691000
92.340000,32.106000,3037.747000,198.863000
92.411250,32.106000,3032.296000,199.036000
92.482500,32.106000,3026.846000,199.207000
92.553750,32.106000,3021.395000,199.379000
92.625000,32.107000,3015.945000,199.549000
92.696250,32.107000,3010.495000,199.720000
92.767500,32.107000,3005.045000,199.890000
92.838750,32.107000,2999.595000,200.059000
92.910000,32.107000,2994.145000,200.229000
92.981250,32.107000,2988.695000,200.397000
93.052500,32.107000,2983.246000,200.565000
93.123750,32.107000,2977.796000,200.733000
93.195000,32.108000,2972.347000,200.901000
93.266250,32.108000,2966.898000,201.068000
93.337500,32.108000,2961.449000,201.234000
93.408750,32.108000,2956.000000,201.400000
93.480000,32.108000,2950.552000,201.566000
93.551250,32.108000,2945.103000,201.731000
93.622500,32.108000,2939.655000,201.896000
93.693750,32.108000,2934.206000,202.061000
93.765000,32.108000,2928.758000,202.225000
93.836250,32.109000,2923.310000,202.388000
93.907500,32.109000,2917.863000,202.551000
93.978750,32.109000,2912.415000,202.714000
94.050000,32.109000,2906.967000,202.876000
94.121250,32.109000,2901.520000,203.038000
94.192500,32.109000,2896.073000,203.200000
94.263750,32.109000,2890.626000,203.361000
94.335000,32.109000,2885.179000,203.521000
94.406250,32.109000,2879.732000,203.681000
94.477500,32.110000,2874.285000,203.841000
94.548750,32.110000,2868.839000,204.000000
94.620000,32.110000,2863.392000,204.159000
94.691250,32.110000,2857.946000,204.317000
94.762500,32.110000,2852.500000,204.475000
94.833750,32.110000,2847.054000,204.633000
94.905000,32.110000,2841.609000,204.790000
94.976250,32.110000,2836.163000,204.947000
95.047500,32.111000,2830.718000,205.103000
95.118750,32.111000,2825.272000,205.259000
95.190000,32.111000,2819.827000,205.414000
95.261250,32.111000,2814.382000,205.569000
95.332500,32.111000,2808.937000,205.723000
95.403750,32.111000,2803.493000,205.877000
95.475000,32.111000,2798.048000,206.031000
95.546250,32.111000,2792.604000,206.184000
95.617500,32.111000,2787.160000,206.337000
95.688750,32.112000,2781.716000,206.489000
95.760000,32.112000,2776.272000,206.641000
95.831250,32.112000,2770.828000,206.793000
95.902500,32.112000,2765.384000,206.944000
95.973750,32.112000,2759.941000,207.094000
96.045000,32.112000,2754.498000,207.245000
96.116250,32.112000,2749.055000,207.394000
96.187500,32.112000,2743.612000,207.544000
96.258750,32.113000,2738.169000,207.692000
96.330000,32.113000,2732.726000,207.841000
96.401250,32.113000,2727.284000,207.989000
96.472500,32.113000,2721.842000,208.137000
96.543750,32.113000,2716.400000,208.284000
96.615000,32.113000,2710.958000,208.430000
96.686250,32.113000,2705.516000,208.577000
96.757500,32.113000,2700.074000,208.723000
96.828750,32.113000,2694.633000,208.868000
96.900000,32.114000,2689.192000,209.013000
96.971250,32.114000,2683.750000,209.158000
97.042500,32.114000,2678.309000,209.302000
97.113750,32.114000,2672.869000,209.445000
97.185000,32.114000,2667.428000,209.589000
97.256250,32.114000,2661.988000,209.732000
97.327500,32.114000,2656.547000,209.874000
97.398750,32.114000,2651.107000,210.016000
97.470000,32.115000,2645.667000,210.158000
97.541250,32.115000,2640.228000,210.299000
97.612500,32.115000,2634.788000,210.439000
97.683750,32.115000,2629.349000,210.580000
97.755000,32.115000,2623.909000,210.719000
97.826250,32.115000,2618.470000,210.859000
97.897500,32.115000,2613.031000,210.998000
97.968750,32.115000,2607.593000,211.136000
98.040000,32.115000,2602.154000,211.274000
98.111250,32.116000,2596.716000,211.412000
98.182500,32.116000,2591.277000,211.549000
98.253750,32.116000,2585.839000,211.686000
98.325000,32.116000,2580.402000,211.823000
98.396250,32.116000,2574.964000,211.958000
98.467500,32.116000,2569.526000,212.094000
98.538750,32.116000,2564.089000,212.229000
98.610000,32.116000,2558.652000,212.364000
98.681250,32.117000,2553.215000,212.498000
98.752500,32.117000,2547.778000,212.632000
98.823750,32.117000,2542.342000,212.765000
98.895000,32.117000,2536.905000,212.898000
98.966250,32.117000,2531.469000,213.031000
99.037500,32.117000,2526.033000,213.163000
99.108750,32.117000,2520.597000,213.294000
99.180000,32.117000,2515.161000,213.426000
99.251250,32.117000,2509.726000,213.556000
99.322500,32.118000,2504.291000,213.687000
99.393750,32.118000,2498.856000,213.817000
99.465000,32.118000,2493.421000,213.946000
99.536250,32.118000,2487.986000,214.075000
99.607500,32.118000,2482.551000,214.204000
99.678750,32.118000,2477.117000,214.332000
99.750000,32.118000,2471.683000,214.460000
99.821250,32.118000,2466.249000,214.588000
99.892500,32.119000,2460.815000,214.715000
99.963750,32.119000,2455.381000,214.841000
100.035000,32.119000,2449.948000,214.967000
100.106250,32.119000,2444.515000,215.093000
100.177500,32.119000,2439.081000,215.218000
100.248750,32.119000,2433.649000,215.343000
100.320000,32.119000,2428.216000,215.467000
100.391250,32.119000,2422.783000,215.591000
100.462500,32.120000,2417.351000,215.715000
100.533750,32.120000,2411.919000,215.838000
100.605000,32.120000,2406.487000,215.961000
100.676250,32.120000,2401.055000,216.083000
100.747500,32.120000,2395.624000,216.205000
100.818750,32.120000,2390.193000,216.326000
100.890000,32.120000,2384.761000,216.447000
100.961250,32.120000,2379.330000,216.568000
101.032500,32.120000,2373.900000,216.688000
101.103750,32.121000,2368.469000,216.808000
101.175000,32.121000,2363.039000,216.927000
101.246250,32.121000,2357.609000,217.046000
101.317500,32.121000,2352.179000,217.165000
101.388750,32.121000,2346.749000,217.283000
101.460000,32.121000,2341.319000,217.400000
101.531250,32.121000,2335.890000,217.518000
101.602500,32.121000,2330.461000,217.635000
101.673750,32.122000,2325.032000,217.751000
101.745000,32.122000,2319.603000,217.867000
101.816250,32.122000,2314.175000,217.982000
101.887500,32.122000,2308.746000,218.098000
101.958750,32.122000,2303.318000,218.212000
102.030000,32.122000,2297.890000,218.327000
102.101250,32.122000,2292.462000,218.440000
102.172500,32.122000,2287.035000,218.554000
102.243750,32.123000,2281.608000,218.667000
102.315000,32.123000,2276.181000,218.780000
102.386250,32.123000,2270.754000,218.892000
102.457500,32.123000,2265.327000,219.004000
102.528750,32.123000,2259.900000,219.115000
102.600000,32.123000,2254.474000,219.226000
102.671250,32.123000,2249.048000,219.336000
102.742500,32.123000,2243.622000,219.446000
102.813750,32.124000,2238.196000,219.556000
102.885000,32.124000,2232.771000,219.665000
102.956250,32.124000,2227.346000,219.774000
103.027500,32.124000,2221.921000,219.883000
103.098750,32.124000,2216.496000,219.991000
103.170000,32.124000,2211.071000,220.098000
103.241250,32.124000,2205.647000,220.206000
103.312500,32.124000,2200.223000,220.313000
103.383750,32.124000,2194.799000,220.419000
103.455000,32.125000,2189.375000,220.525000
103.526250,32.125000,2183.951000,220.630000
103.597500,32.125000,2178.528000,220.736000
103.668750,32.125000,2173.105000,220.840000
103.740000,32.125000,2167.682000,220.945000
103.811250,32.125000,2162.259000,221.049000
103.882500,32.125000,2156.837000,221.152000
103.953750,32.125000,2151.415000,221.255000
104.025000,32.125000,2145.993000,221.358000
104.096250,32.125000,2140.571000,221.460000
104.167500,32.126000,2135.149000,221.562000
104.238750,32.126000,2129.728000,221.664000
104.310000,32.126000,2124.307000,221.765000
104.381250,32.126000,2118.886000,221.865000
104.452500,32.126000,2113.465000,221.966000
104.523750,32.126000,2108.045000,222.065000
104.595000,32.126000,2102.624000,222.165000
104.666250,32.126000,2097.204000,222.264000
104.737500,32.126000,2091.784000,222.363000
104.808750,32.126000,2086.365000,222.461000
104.880000,32.127000,2080.945000,222.559000
104.951250,32.127000,2075.526000,222.656000
105.022500,32.127000,2070.107000,222.753000
105.093750,32.127000,2064.689000,222.850000
105.165000,32.127000,2059.270000,222.946000
105.236250,32.127000,2053.852000,223.042000
105.307500,32.127000,2048.434000,223.137000
105.378750,32.127000,2043.016000,223.232000
105.450000,32.128000,2037.598000,223.327000
105.521250,32.128000,2032.181000,223.421000
105.592500,32.128000,2026.764000,223.515000
105.663750,32.128000,2021.347000,223.608000
105.735000,32.128000,2015.930000,223.701000
105.806250,32.128000,2010.514000,223.794000
105.877500,32.128000,2005.098000,223.886000
105.948750,32.128000,1999.682000,223.978000
106.020000,32.129000,1994.266000,224.069000
106.091250,32.129000,1988.850000,224.160000
106.162500,32.129000,1983.435000,224.251000
106.233750,32.129000,1978.020000,224.341000
106.305000,32.129000,1972.605000,224.431000
106.376250,32.129000,1967.191000,224.520000
106.447500,32.129000,1961.776000,224.609000
106.518750,32.129000,1956.362000,224.698000
106.590000,32.129000,1950.948000,224.786000
106.661250,32.129000,1945.535000,224.874000
106.732500,32.130000,1940.121000,224.962000
106.803750,32.130000,1934.708000,225.049000
106.875000,32.130000,1929.295000,225.136000
106.946250,32.130000,1923.882000,225.222000
107.017500,32.130000,1918.470000,225.308000
107.088750,32.130000,1913.058000,225.393000
107.160000,32.130000,1907.646000,225.478000
107.231250,32.130000,1902.234000,225.563000
107.302500,32.130000,1896.822000,225.648000
107.373750,32.130000,1891.411000,225.732000
107.445000,32.131000,1886.000000,225.815000
107.516250,32.131000,1880.589000,225.898000
107.587500,32.131000,1875.179000,225.981000
107.658750,32.131000,1869.768000,226.064000
107.730000,32.131000,1864.358000,226.146000
107.801250,32.131000,1858.949000,226.227000
107.872500,32.131000,1853.539000,226.309000
107.943750,32.131000,1848.130000,226.389000
108.015000,32.132000,1842.720000,226.470000
108.086250,32.132000,1837.312000,226.550000
108.157500,32.132000,1831.903000,226.630000
108.228750,32.132000,1826.495000,226.709000
108.300000,32.132000,1821.087000,226.788000
108.371250,32.132000,1815.679000,226.867000
108.442500,32.132000,1810.271000,226.945000
108.513750,32.132000,1804.864000,227.023000
108.585000,32.132000,1799.457000,227.101000
108.656250,32.132000,1794.050000,227.178000
108.727500,32.132000,1788.643000,227.254000
108.798750,32.133000,1783.237000,227.331000
108.870000,32.133000,1777.831000,227.407000
108.941250,32.133000,1772.425000,227.482000
109.012500,32.133000,1767.019000,227.558000
109.083750,32.133000,1761.614000,227.632000
109.155000,32.133000,1756.208000,227.707000
109.226250,32.133000,1750.804000,227.781000
109.297500,32.133000,1745.399000,227.855000
109.368750,32.133000,1739.995000,227.928000
109.440000,32.134000,1734.590000,228.001000
109.511250,32.134000,1729.187000,228.074000
109.582500,32.134000,1723.783000,228.146000
109.653750,32.134000,1718.380000,228.218000
109.725000,32.134000,1712.976000,228.290000
109.796250,32.134000,1707.574000,228.361000
109.867500,32.134000,1702.171000,228.432000
109.938750,32.134000,1696.769000,228.502000
110.010000,32.134000,1691.367000,228.572000
110.081250,32.134000,1685.965000,228.642000
110.152500,32.134000,1680.563000,228.711000
110.223750,32.135000,1675.162000,228.780000
110.295000,32.135000,1669.761000,228.849000
110.366250,32.135000,1664.360000,228.917000
110.437500,32.135000,1658.959000,228.985000
110.508750,32.135000,1653.559000,229.053000
110.580000,32.135000,1648.159000,229.120000
110.651250,32.135000,1642.759000,229.187000
110.722500,32.135000,1637.360000,229.253000
110.793750,32.136000,1631.961000,229.319000
110.865000,32.136000,1626.562000,229.385000
110.936250,32.136000,1621.163000,229.450000
111.007500,32.136000,1615.764000,229.515000
111.078750,32.136000,1610.366000,229.580000
111.150000,32.136000,1604.968000,229.644000
111.221250,32.136000,1599.571000,229.708000
111.292500,32.136000,1594.173000,229.772000
111.363750,32.136000,1588.776000,229.835000
111.435000,32.136000,1583.379000,229.898000
111.506250,32.136000,1577.983000,229.961000
111.577500,32.136000,1572.586000,230.023000
111.648750,32.137000,1567.190000,230.085000
111.720000,32.137000,1561.794000,230.146000
111.791250,32.137000,1556.399000,230.208000
111.862500,32.137000,1551.004000,230.268000
111.933750,32.137000,1545.609000,230.329000
112.005000,32.137000,1540.214000,230.389000
112.076250,32.137000,1534.819000,230.449000
112.147500,32.137000,1529.425000,230.508000
112.218750,32.137000,1524.031000,230.568000
112.290000,32.137000,1518.637000,230.626000
112.361250,32.137000,1513.244000,230.685000
112.432500,32.138000,1507.851000,230.743000
112.503750,32.138000,1502.458000,230.801000
112.575000,32.138000,1497.065000,230.858000
112.646250,32.138000,1491.673000,230.915000
112.717500,32.138000,1486.281000,230.972000
112.788750,32.138000,1480.889000,231.028000
112.860000,32.138000,1475.498000,231.084000
112.931250,32.138000,1470.107000,231.140000
113.002500,32.139000,1464.716000,231.195000
113.073750,32.139000,1459.325000,231.251000
113.145000,32.139000,1453.935000,231.305000
113.216250,32.139000,1448.544000,231.360000
113.287500,32.139000,1443.155000,231.414000
113.358750,32.139000,1437.765000,231.467000
113.430000,32.139000,1432.376000,231.521000
113.501250,32.139000,1426.987000,231.574000
113.572500,32.139000,1421.598000,231.627000
113.643750,32.139000,1416.209000,231.679000
113.715000,32.139000,1410.821000,231.731000
113.786250,32.140000,1405.433000,231.783000
113.857500,32.140000,1400.046000,231.835000
113.928750,32.140000,1394.658000,231.886000
114.000000,32.140000,1389.271000,231.936000
114.071250,32.140000,1383.884000,231.987000
114.142500,32.140000,1378.498000,232.037000
114.213750,32.140000,1373.111000,232.087000
114.285000,32.140000,1367.725000,232.136000
114.356250,32.140000,1362.340000,232.186000
114.427500,32.140000,1356.954000,232.235000
114.498750,32.140000,1351.569000,232.283000
114.570000,32.140000,1346.184000,232.331000
114.641250,32.141000,1340.800000,232.379000
114.712500,32.141000,1335.415000,232.427000
114.783750,32.141000,1330.031000,232.474000
114.855000,32.141000,1324.648000,232.521000
114.926250,32.141000,1319.264000,232.568000
114.997500,32.141000,1313.881000,232.614000
115.068750,32.141000,1308.498000,232.660000
115.140000,32.141000,1303.116000,232.706000
115.211250,32.141000,1297.733000,232.752000
115.282500,32.141000,1292.351000,232.797000
115.353750,32.141000,1286.970000,232.842000
115.425000,32.142000,1281.588000,232.886000
115.496250,32.142000,1276.207000,232.930000
115.567500,32.142000,1270.826000,232.974000
115.638750,32.142000,1265.446000,233.018000
115.710000,32.142000,1260.065000,233.061000
115.781250,32.142000,1254.685000,233.104000
115.852500,32.142000,1249.305000,233.147000
115.923750,32.142000,1243.926000,233.189000
115.995000,32.142000,1238.547000,233.231000
116.066250,32.142000,1233.168000,233.273000
116.137500,32.142000,1227.789000,233.315000
116.208750,32.142000,1222.411000,233.356000
116.280000,32.142000,1217.033000,233.397000
116.351250,32.142000,1211.655000,233.437000
116.422500,32.142000,1206.278000,233.478000
116.493750,32.143000,1200.901000,233.518000
116.565000,32.143000,1195.524000,233.557000
116.636250,32.143000,1190.147000,233.597000
116.707500,32.143000,1184.771000,233.636000
116.778750,32.143000,1179.395000,233.675000
116.850000,32.143000,1174.020000,233.714000
116.921250,32.143000,1168.644000,233.752000
116.992500,32.143000,1163.269000,233.790000
117.063750,32.143000,1157.894000,233.828000
117.135000,32.143000,1152.520000,233.865000
117.206250,32.143000,1147.146000,233.902000
117.277500,32.144000,1141.772000,233.939000
117.348750,32.144000,1136.398000,233.976000
117.420000,32.144000,1131.025000,234.012000
117.491250,32.144000,1125.652000,234.048000
117.562500,32.144000,1120.279000,234.084000
117.633750,32.144000,1114.907000,234.119000
117.705000,32.144000,1109.535000,234.154000
117.776250,32.144000,1104.163000,234.189000
117.847500,32.144000,1098.791000,234.224000
117.918750,32.144000,1093.420000,234.258000
117.990000,32.144000,1088.049000,234.292000
118.061250,32.145000,1082.678000,234.326000
118.132500,32.145000,1077.308000,234.360000
118.203750,32.145000,1071.938000,234.393000
118.275000,32.145000,1066.568000,234.426000
118.346250,32.145000,1061.199000,234.459000
118.417500,32.145000,1055.829000,234.491000
118.488750,32.145000,1050.461000,234.524000
118.560000,32.145000,1045.092000,234.555000
118.631250,32.145000,1039.724000,234.587000
118.702500,32.145000,1034.356000,234.619000
118.773750,32.145000,1028.988000,234.650000
118.845000,32.145000,1023.621000,234.681000
118.916250,32.145000,1018.254000,234.711000
118.987500,32.145000,1012.887000,234.742000
119.058750,32.145000,1007.521000,234.772000
119.130000,32.146000,1002.154000,234.802000
119.201250,32.146000,996.789000,234.831000
119.272500,32.146000,991.423000,234.861000
119.343750,32.146000,986.058000,234.890000
119.415000,32.146000,980.693000,234.918000
119.486250,32.146000,975.328000,234.947000
119.557500,32.146000,969.964000,234.975000
119.628750,32.146000,964.600000,235.003000
119.700000,32.146000,959.236000,235.031000
119.771250,32.146000,953.873000,235.059000
119.842500,32.146000,948.510000,235.086000
119.913750,32.146000,943.147000,235.113000
119.985000,32.146000,937.784000,235.140000
120.056250,32.146000,932.422000,235.167000
120.127500,32.146000,927.060000,235.193000
120.198750,32.147000,921.699000,235.219000
120.270000,32.147000,916.337000,235.245000
120.341250,32.147000,910.976000,235.271000
120.412500,32.147000,905.616000,235.296000
120.483750,32.147000,900.255000,235.321000
120.555000,32.147000,894.895000,235.346000
120.626250,32.147000,889.536000,235.371000
120.697500,32.147000,884.176000,235.395000
120.768750,32.147000,878.817000,235.419000
120.840000,32.147000,873.458000,235.443000
120.911250,32.147000,868.100000,235.467000
120.982500,32.147000,862.741000,235.491000
121.053750,32.147000,857.384000,235.514000
121.125000,32.147000,852.026000,235.537000
121.196250,32.148000,846.669000,235.560000
121.267500,32.148000,841.312000,235.582000
121.338750,32.148000,835.955000,235.605000
121.410000,32.148000,830.599000,235.627000
121.481250,32.148000,825.243000,235.649000
121.552500,32.148000,819.887000,235.670000
121.623750,32.148000,814.532000,235.692000
121.695000,32.148000,809.176000,235.713000
121.766250,32.148000,803.822000,235.734000
121.837500,32.148000,798.467000,235.755000
121.908750,32.148000,793.113000,235.775000
121.980000,32.148000,787.759000,235.796000
122.051250,32.148000,782.406000,235.816000
122.122500,32.148000,777.052000,235.836000
122.193750,32.149000,771.699000,235.856000
122.265000,32.148000,766.347000,235.875000
122.336250,32.148000,760.995000,235.894000
122.407500,32.148000,755.643000,235.914000
122.478750,32.149000,750.291000,235.932000
122.550000,32.149000,744.940000,235.951000
122.621250,32.149000,739.589000,235.970000
122.692500,32.149000,734.238000,235.988000
122.763750,32.149000,728.887000,236.006000
122.835000,32.149000,723.537000,236.024000
122.906250,32.149000,718.188000,236.041000
122.977500,32.149000,712.838000,236.059000
123.048750,32.149000,707.489000,236.076000
123.120000,32.149000,702.140000,236.093000
123.191250,32.149000,696.792000,236.110000
123.262500,32.149000,691.444000,236.127000
123.333750,32.149000,686.096000,236.143000
123.405000,32.149000,680.748000,236.159000
123.476250,32.150000,675.401000,236.175000
123.547500,32.150000,670.054000,236.191000
123.618750,32.149000,664.707000,236.207000
123.690000,32.150000,659.361000,236.222000
123.761250,32.150000,654.015000,236.238000
123.832500,32.150000,648.669000,236.253000
123.903750,32.150000,643.324000,236.268000
123.975000,32.150000,637.979000,236.283000
124.046250,32.150000,632.634000,236.297000
124.117500,32.150000,627.290000,236.311000
124.188750,32.150000,621.946000,236.326000
124.260000,32.150000,616.602000,236.340000
124.331250,32.150000,611.259000,236.353000
124.402500,32.150000,605.916000,236.367000
124.473750,32.150000,600.573000,236.381000
124.545000,32.150000,595.230000,236.394000
124.616250,32.150000,589.888000,236.407000
124.687500,32.150000,584.546000,236.420000
124.758750,32.150000,579.205000,236.433000
124.830000,32.150000,573.864000,236.445000
124.901250,32.150000,568.523000,236.458000
124.972500,32.151000,563.182000,236.470000
125.043750,32.151000,557.842000,236.482000
125.115000,32.151000,552.502000,236.494000
125.186250,32.151000,547.163000,236.506000
125.257500,32.151000,541.823000,236.517000
125.328750,32.151000,536.485000,236.529000
125.400000,32.151000,531.146000,236.540000
125.471250,32.151000,525.808000,236.551000
125.542500,32.151000,520.470000,236.562000
125.613750,32.151000,515.132000,236.573000
125.685000,32.151000,509.795000,236.583000
125.756250,32.151000,504.458000,236.594000
125.827500,32.151000,499.121000,236.604000
125.898750,32.151000,493.785000,236.614000
125.970000,32.151000,488.449000,236.624000
126.041250,32.151000,483.113000,236.634000
126.112500,32.151000,477.778000,236.644000
126.183750,32.152000,472.442000,236.653000
126.255000,32.151000,467.108000,236.663000
126.326250,32.151000,461.773000,236.672000
126.397500,32.151000,456.439000,236.681000
126.468750,32.152000,451.105000,236.690000
126.540000,32.152000,445.772000,236.699000
126.611250,32.152000,440.439000,236.707000
126.682500,32.152000,435.106000,236.716000
126.753750,32.152000,429.774000,236.724000
126.825000,32.152000,424.442000,236.732000
126.896250,32.152000,419.110000,236.740000
126.967500,32.152000,413.778000,236.748000
127.038750,32.152000,408.447000,236.756000
127.110000,32.152000,403.116000,236.764000
127.181250,244.234000,397.891000,236.771000
127.252500,163.890000,393.509000,236.779000
127.323750,120.528000,389.805000,236.786000
127.395000,94.551000,386.554000,236.793000
127.466250,77.821000,383.623000,236.800000
127.537500,66.464000,380.924000,236.807000
127.608750,58.442000,378.401000,236.814000
127.680000,52.600000,376.012000,236.820000
127.751250,48.240000,373.727000,236.827000
127.822500,44.925000,371.524000,236.833000
127.893750,42.366000,369.386000,236.839000
127.965000,40.365000,367.301000,236.845000
128.036250,38.786000,365.257000,236.851000
128.107500,37.529000,363.248000,236.857000
128.178750,36.521000,361.266000,236.863000
128.250000,35.709000,359.307000,236.869000
128.321250,35.053000,357.366000,236.874000
128.392500,34.519000,355.440000,236.880000
128.463750,34.084000,353.527000,236.885000
128.535000,33.729000,351.624000,236.890000
128.606250,33.439000,349.729000,236.895000
128.677500,33.201000,347.841000,236.900000
128.748750,33.005000,345.958000,236.905000
128.820000,32.844000,344.080000,236.910000
128.891250,32.712000,342.206000,236.914000
128.962500,32.603000,340.336000,236.919000
129.033750,32.514000,338.467000,236.923000
129.105000,32.441000,336.601000,236.928000
129.176250,32.380000,334.737000,236.932000
129.247500,32.330000,332.874000,236.936000
129.318750,32.288000,331.013000,236.940000
129.390000,32.254000,329.152000,236.944000
129.461250,32.226000,327.293000,236.948000
129.532500,32.202000,325.434000,236.952000
129.603750,32.183000,323.575000,236.955000
129.675000,32.167000,321.717000,236.959000
129.746250,32.154000,319.860000,236.962000
129.817500,32.143000,318.003000,236.966000
129.888750,32.134000,316.146000,236.969000
129.960000,32.127000,314.289000,236.972000
130.031250,32.121000,312.433000,236.975000
130.102500,32.116000,310.576000,236.978000
130.173750,32.111000,308.720000,236.981000
130.245000,32.108000,306.864000,236.984000
130.316250,32.105000,305.008000,236.987000
130.387500,32.104000,303.152000,236.989000
130.458750,32.102000,301.297000,236.992000
130.530000,32.100000,299.441000,236.994000
130.601250,32.099000,297.585000,236.997000
130.672500,32.098000,295.730000,236.999000
130.743750,32.097000,293.874000,237.001000
130.815000,32.096000,292.019000,237.004000
130.886250,32.095000,290.163000,237.006000
130.957500,32.095000,288.308000,237.008000
131.028750,32.094000,286.452000,237.010000
131.100000,32.094000,284.597000,237.012000
131.171250,32.094000,282.742000,237.014000
131.242500,32.093000,280.886000,237.015000
131.313750,32.093000,279.031000,237.017000
131.385000,32.093000,277.176000,237.019000
131.456250,32.093000,275.320000,237.020000
131.527500,32.093000,273.465000,237.022000
131.598750,32.092000,271.610000,237.023000
131.670000,32.093000,269.755000,237.025000
131.741250,32.093000,267.900000,237.026000
131.812500,32.093000,266.045000,237.028000
131.883750,32.093000,264.190000,237.029000
131.955000,32.093000,262.334000,237.030000
132.026250,32.093000,260.479000,237.031000
132.097500,32.093000,258.624000,237.032000
132.168750,32.093000,256.769000,237.033000
132.240000,32.093000,254.914000,237.034000
132.311250,32.093000,253.059000,237.035000
132.382500,32.093000,251.204000,237.036000
132.453750,32.093000,249.350000,237.037000
132.525000,32.093000,247.495000,237.038000
132.596250,32.092000,245.640000,237.038000
132.667500,32.092000,243.785000,237.039000
132.738750,32.092000,241.930000,237.040000
132.810000,32.092000,240.075000,237.040000
132.881250,32.093000,238.221000,237.041000
132.952500,32.093000,236.366000,237.042000
133.023750,32.093000,234.511000,237.042000
133.095000,32.093000,232.656000,237.043000
133.166250,32.093000,230.802000,237.043000
133.237500,32.093000,228.947000,237.043000
133.308750,32.093000,227.092000,237.044000
133.380000,32.093000,225.238000,237.044000
133.451250,32.093000,223.383000,237.045000
133.522500,32.093000,221.529000,237.045000
133.593750,32.093000,219.674000,237.045000
133.665000,32.093000,217.819000,237.045000
133.736250,32.093000,215.965000,237.046000
133.807500,32.093000,214.111000,237.046000
133.878750,32.093000,212.256000,237.046000
133.950000,32.093000,210.402000,237.046000
134.021250,32.093000,208.547000,237.046000
134.092500,32.093000,206.693000,237.046000
134.163750,32.093000,204.838000,237.047000
134.235000,32.093000,202.984000,237.047000
134.306250,32.093000,201.130000,237.047000
134.377500,32.093000,199.275000,237.047000
134.448750,32.093000,197.421000,237.047000
134.520000,32.093000,195.567000,237.047000
134.591250,32.093000,193.713000,237.047000
134.662500,32.093000,191.859000,237.047000
134.733750,32.093000,190.004000,237.047000
134.805000,32.093000,188.150000,237.047000
134.876250,32.093000,186.296000,237.047000
134.947500,32.093000,184.442000,237.047000
135.018750,32.093000,182.588000,237.047000
135.090000,32.093000,180.734000,237.047000
135.161250,32.093000,178.880000,237.047000
135.232500,32.093000,177.026000,237.047000
135.303750,32.094000,175.172000,237.047000
135.375000,32.094000,173.318000,237.047000
135.446250,32.093000,171.464000,237.047000
135.517500,32.093000,169.610000,237.047000
135.588750,32.093000,167.756000,237.047000
135.660000,32.093000,165.902000,237.047000
135.731250,32.093000,164.048000,237.047000
135.802500,32.093000,162.194000,237.047000
135.873750,32.093000,160.341000,237.047000
135.945000,32.093000,158.487000,237.047000
136.016250,32.093000,156.633000,237.047000
136.087500,32.093000,154.779000,237.048000
136.158750,32.093000,152.926000,237.048000
136.230000,32.093000,151.072000,237.048000
136.301250,32.093000,149.218000,237.048000
136.372500,32.093000,147.365000,237.048000
136.443750,32.093000,145.511000,237.048000
136.515000,32.093000,143.657000,237.049000
136.586250,32.094000,141.804000,237.049000
136.657500,32.094000,139.950000,237.049000
136.728750,32.093000,138.097000,237.050000
136.800000,32.093000,136.243000,237.050000
136.871250,32.093000,134.390000,237.050000
136.942500,32.093000,132.536000,237.051000
137.013750,32.093000,130.683000,237.051000
137.085000,32.093000,128.830000,237.052000
137.156250,32.093000,126.976000,237.052000
137.227500,32.093000,125.123000,237.053000
137.298750,32.093000,123.269000,237.053000
137.370000,32.093000,121.416000,237.054000
137.441250,32.093000,119.563000,237.055000
137.512500,32.093000,117.710000,237.055000
137.583750,32.093000,115.856000,237.056000
137.655000,32.093000,114.003000,237.057000
137.726250,32.093000,112.150000,237.058000
137.797500,32.094000,110.297000,237.059000
137.868750,32.094000,108.444000,237.060000
137.940000,32.093000,106.590000,237.060000
138.011250,32.093000,104.737000,237.062000
138.082500,32.093000,102.884000,237.063000
138.153750,32.093000,101.031000,237.064000
138.225000,32.093000,99.178000,237.065000
138.296250,32.093000,97.325000,237.066000
138.367500,32.093000,95.472000,237.067000
138.438750,32.093000,93.619000,237.069000
138.510000,32.093000,91.766000,237.070000
138.581250,32.093000,89.913000,237.072000
138.652500,32.093000,88.060000,237.073000
138.723750,32.093000,86.207000,237.075000
138.795000,32.093000,84.354000,237.076000
138.866250,32.093000,82.502000,237.078000
138.937500,32.093000,80.649000,237.080000
139.008750,32.093000,78.796000,237.082000
139.080000,32.093000,76.943000,237.084000
139.151250,32.093000,75.090000,237.086000
139.222500,32.093000,73.238000,237.088000
139.293750,32.093000,71.385000,237.090000
139.365000,32.093000,69.532000,237.092000
139.436250,32.093000,67.680000,237.094000
139.507500,32.093000,65.827000,237.097000
139.578750,32.093000,63.974000,237.099000
139.650000,32.093000,62.122000,237.102000
139.721250,32.093000,60.269000,237.104000
139.792500,32.093000,58.417000,237.107000
139.863750,32.093000,56.564000,237.110000
139.935000,32.093000,54.711000,237.113000
140.006250,32.093000,52.859000,237.116000
140.077500,32.092000,51.006000,237.119000
140.148750,32.092000,49.154000,237.122000
140.220000,32.093000,47.302000,237.125000
140.291250,32.093000,45.449000,237.128000
140.362500,32.093000,43.597000,237.131000
140.433750,32.093000,41.744000,237.135000
140.505000,32.093000,39.892000,237.138000
140.576250,32.093000,38.040000,237.142000
140.647500,32.093000,36.187000,237.146000
140.718750,32.093000,34.335000,237.150000
140.790000,32.093000,32.483000,237.153000
140.861250,32.093000,30.630000,237.157000
140.932500,32.093000,28.778000,237.162000
141.003750,32.092000,26.926000,237.166000
141.075000,32.092000,25.074000,237.170000
141.146250,32.092000,23.221000,237.175000
141.217500,32.092000,21.369000,237.179000
141.288750,32.092000,19.517000,237.184000
141.360000,32.092000,17.665000,237.188000
141.431250,32.093000,15.813000,237.193000
141.502500,32.093000,13.961000,237.198000
141.573750,32.093000,12.109000,237.203000
141.645000,32.093000,10.257000,237.208000
141.716250,32.093000, 8.404000,237.214000
141.787500,32.093000, 6.552000,237.219000
141.858750,32.093000, 4.700000,237.225000
141.930000,32.092000, 2.848000,237.230000
